State,District,Market,Commodity_Group,Commodity,Variety,Grade,Min_Price,Max_Price,Modal_Price,Price_Unit,Arrival_Quantity,Arrival_Unit,Date,current_price,day_of_week,day_of_month,month,quarter,day_of_year,week_of_year,lag_1,lag_3,lag_7,lag_14,lag_30,rolling_mean_7,rolling_std_7,rolling_mean_14,rolling_std_14,rolling_mean_30,rolling_std_30,price_change_1,price_change_7,price_change_30,target_1d
Tamil Nadu,Coimbatore,Pollachi(Uzhavar Sandhai ),Vegetables,Cabbage,Cabbage,Local,2500,3000,2750,Rs./Quintal,0.22,Metric Tonnes,2025-11-08,2750,5,8,11,4,312,45,,,,,,,,,,,,,,,2750.0
Tamil Nadu,Coimbatore,Pollachi(Uzhavar Sandhai ),Vegetables,Cabbage,Cabbage,Local,2500,3000,2750,Rs./Quintal,0.24,Metric Tonnes,2025-11-09,2750,6,9,11,4,313,45,2750.0,,,,,2750.0,,2750.0,,2750.0,,0.0,,,2750.0
Tamil Nadu,Coimbatore,Pollachi(Uzhavar Sandhai ),Vegetables,Cabbage,Cabbage,Local,2500,3000,2750,Rs./Quintal,0.21,Metric Tonnes,2025-11-10,2750,0,10,11,4,314,46,2750.0,,,,,2750.0,0.0,2750.0,0.0,2750.0,0.0,0.0,,,2750.0
Tamil Nadu,Coimbatore,Pollachi(Uzhavar Sandhai ),Vegetables,Cabbage,Cabbage,Local,2500,3000,2750,Rs./Quintal,0.2,Metric Tonnes,2025-11-11,2750,1,11,11,4,315,46,2750.0,2750.0,,,,2750.0,0.0,2750.0,0.0,2750.0,0.0,0.0,,,2750.0
Tamil Nadu,Coimbatore,Pollachi(Uzhavar Sandhai ),Vegetables,Cabbage,Cabbage,Local,2500,3000,2750,Rs./Quintal,0.24,Metric Tonnes,2025-11-12,2750,2,12,11,4,316,46,2750.0,2750.0,,,,2750.0,0.0,2750.0,0.0,2750.0,0.0,0.0,,,2750.0
Tamil Nadu,Coimbatore,Pollachi(Uzhavar Sandhai ),Vegetables,Cabbage,Cabbage,Local,2500,3000,2750,Rs./Quintal,0.22,Metric Tonnes,2025-11-13,2750,3,13,11,4,317,46,2750.0,2750.0,,,,2750.0,0.0,2750.0,0.0,2750.0,0.0,0.0,,,2750.0
Tamil Nadu,Coimbatore,Pollachi(Uzhavar Sandhai ),Vegetables,Cabbage,Cabbage,Local,2500,3000,2750,Rs./Quintal,0.23,Metric Tonnes,2025-11-14,2750,4,14,11,4,318,46,2750.0,2750.0,,,,2750.0,0.0,2750.0,0.0,2750.0,0.0,0.0,,,2750.0
Tamil Nadu,Coimbatore,Pollachi(Uzhavar Sandhai ),Vegetables,Cabbage,Cabbage,Local,2500,3000,2750,Rs./Quintal,0.26,Metric Tonnes,2025-11-15,2750,5,15,11,4,319,46,2750.0,2750.0,2750.0,,,2750.0,0.0,2750.0,0.0,2750.0,0.0,0.0,0.0,,2750.0
Tamil Nadu,Coimbatore,Pollachi(Uzhavar Sandhai ),Vegetables,Cabbage,Cabbage,Local,2500,3000,2750,Rs./Quintal,0.28,Metric Tonnes,2025-11-16,2750,6,16,11,4,320,46,2750.0,2750.0,2750.0,,,2750.0,0.0,2750.0,0.0,2750.0,0.0,0.0,0.0,,2750.0
Tamil Nadu,Coimbatore,Pollachi(Uzhavar Sandhai ),Vegetables,Cabbage,Cabbage,Local,2500,3000,2750,Rs./Quintal,0.24,Metric Tonnes,2025-11-17,2750,0,17,11,4,321,47,2750.0,2750.0,2750.0,,,2750.0,0.0,2750.0,0.0,2750.0,0.0,0.0,0.0,,2750.0
Tamil Nadu,Coimbatore,Pollachi(Uzhavar Sandhai ),Vegetables,Cabbage,Cabbage,Local,2500,3000,2750,Rs./Quintal,0.21,Metric Tonnes,2025-11-18,2750,1,18,11,4,322,47,2750.0,2750.0,2750.0,,,2750.0,0.0,2750.0,0.0,2750.0,0.0,0.0,0.0,,2750.0
Tamil Nadu,Coimbatore,Pollachi(Uzhavar Sandhai ),Vegetables,Cabbage,Cabbage,Local,2500,3000,2750,Rs./Quintal,0.18,Metric Tonnes,2025-11-19,2750,2,19,11,4,323,47,2750.0,2750.0,2750.0,,,2750.0,0.0,2750.0,0.0,2750.0,0.0,0.0,0.0,,2750.0
Tamil Nadu,Coimbatore,Pollachi(Uzhavar Sandhai ),Vegetables,Cabbage,Cabbage,Local,2500,3000,2750,Rs./Quintal,0.18,Metric Tonnes,2025-11-20,2750,3,20,11,4,324,47,2750.0,2750.0,2750.0,,,2750.0,0.0,2750.0,0.0,2750.0,0.0,0.0,0.0,,2750.0
Tamil Nadu,Coimbatore,Pollachi(Uzhavar Sandhai ),Vegetables,Cabbage,Cabbage,Local,2500,3000,2750,Rs./Quintal,0.18,Metric Tonnes,2025-11-21,2750,4,21,11,4,325,47,2750.0,2750.0,2750.0,,,2750.0,0.0,2750.0,0.0,2750.0,0.0,0.0,0.0,,2750.0
Tamil Nadu,Coimbatore,Pollachi(Uzhavar Sandhai ),Vegetables,Cabbage,Cabbage,Local,2500,3000,2750,Rs./Quintal,0.22,Metric Tonnes,2025-11-22,2750,5,22,11,4,326,47,2750.0,2750.0,2750.0,2750.0,,2750.0,0.0,2750.0,0.0,2750.0,0.0,0.0,0.0,,2750.0
Tamil Nadu,Coimbatore,Pollachi(Uzhavar Sandhai ),Vegetables,Cabbage,Cabbage,Local,2500,3000,2750,Rs./Quintal,0.23,Metric Tonnes,2025-11-23,2750,6,23,11,4,327,47,2750.0,2750.0,2750.0,2750.0,,2750.0,0.0,2750.0,0.0,2750.0,0.0,0.0,0.0,,2750.0
Tamil Nadu,Coimbatore,Pollachi(Uzhavar Sandhai ),Vegetables,Cabbage,Cabbage,Local,2500,3000,2750,Rs./Quintal,0.2,Metric Tonnes,2025-11-24,2750,0,24,11,4,328,48,2750.0,2750.0,2750.0,2750.0,,2750.0,0.0,2750.0,0.0,2750.0,0.0,0.0,0.0,,2750.0
Tamil Nadu,Coimbatore,Pollachi(Uzhavar Sandhai ),Vegetables,Cabbage,Cabbage,Local,2500,3000,2750,Rs./Quintal,0.18,Metric Tonnes,2025-11-25,2750,1,25,11,4,329,48,2750.0,2750.0,2750.0,2750.0,,2750.0,0.0,2750.0,0.0,2750.0,0.0,0.0,0.0,,2750.0
Tamil Nadu,Coimbatore,Pollachi(Uzhavar Sandhai ),Vegetables,Cabbage,Cabbage,Local,2500,3000,2750,Rs./Quintal,0.2,Metric Tonnes,2025-11-26,2750,2,26,11,4,330,48,2750.0,2750.0,2750.0,2750.0,,2750.0,0.0,2750.0,0.0,2750.0,0.0,0.0,0.0,,2750.0
Tamil Nadu,Coimbatore,Pollachi(Uzhavar Sandhai ),Vegetables,Cabbage,Cabbage,Local,2500,3000,2750,Rs./Quintal,0.18,Metric Tonnes,2025-11-27,2750,3,27,11,4,331,48,2750.0,2750.0,2750.0,2750.0,,2750.0,0.0,2750.0,0.0,2750.0,0.0,0.0,0.0,,2750.0
Tamil Nadu,Coimbatore,Pollachi(Uzhavar Sandhai ),Vegetables,Cabbage,Cabbage,Local,2500,3000,2750,Rs./Quintal,0.22,Metric Tonnes,2025-11-28,2750,4,28,11,4,332,48,2750.0,2750.0,2750.0,2750.0,,2750.0,0.0,2750.0,0.0,2750.0,0.0,0.0,0.0,,2750.0
Tamil Nadu,Coimbatore,Pollachi(Uzhavar Sandhai ),Vegetables,Cabbage,Cabbage,Local,2500,3000,2750,Rs./Quintal,0.26,Metric Tonnes,2025-11-29,2750,5,29,11,4,333,48,2750.0,2750.0,2750.0,2750.0,,2750.0,0.0,2750.0,0.0,2750.0,0.0,0.0,0.0,,2750.0
Tamil Nadu,Coimbatore,Pollachi(Uzhavar Sandhai ),Vegetables,Cabbage,Cabbage,Local,2500,3000,2750,Rs./Quintal,0.21,Metric Tonnes,2025-11-30,2750,6,30,11,4,334,48,2750.0,2750.0,2750.0,2750.0,,2750.0,0.0,2750.0,0.0,2750.0,0.0,0.0,0.0,,2750.0
Tamil Nadu,Coimbatore,Pollachi(Uzhavar Sandhai ),Vegetables,Cabbage,Cabbage,Local,2500,3000,2750,Rs./Quintal,0.2,Metric Tonnes,2025-12-01,2750,0,1,12,4,335,49,2750.0,2750.0,2750.0,2750.0,,2750.0,0.0,2750.0,0.0,2750.0,0.0,0.0,0.0,,2750.0
Tamil Nadu,Coimbatore,Pollachi(Uzhavar Sandhai ),Vegetables,Cabbage,Cabbage,Local,2500,3000,2750,Rs./Quintal,0.21,Metric Tonnes,2025-12-02,2750,1,2,12,4,336,49,2750.0,2750.0,2750.0,2750.0,,2750.0,0.0,2750.0,0.0,2750.0,0.0,0.0,0.0,,2750.0
Tamil Nadu,Coimbatore,Pollachi(Uzhavar Sandhai ),Vegetables,Cabbage,Cabbage,Local,2500,3000,2750,Rs./Quintal,0.19,Metric Tonnes,2025-12-03,2750,2,3,12,4,337,49,2750.0,2750.0,2750.0,2750.0,,2750.0,0.0,2750.0,0.0,2750.0,0.0,0.0,0.0,,2750.0
Tamil Nadu,Coimbatore,Pollachi(Uzhavar Sandhai ),Vegetables,Cabbage,Cabbage,Local,2500,3000,2750,Rs./Quintal,0.18,Metric Tonnes,2025-12-04,2750,3,4,12,4,338,49,2750.0,2750.0,2750.0,2750.0,,2750.0,0.0,2750.0,0.0,2750.0,0.0,0.0,0.0,,2750.0
Tamil Nadu,Coimbatore,Pollachi(Uzhavar Sandhai ),Vegetables,Cabbage,Cabbage,Local,2500,3000,2750,Rs./Quintal,0.22,Metric Tonnes,2025-12-05,2750,4,5,12,4,339,49,2750.0,2750.0,2750.0,2750.0,,2750.0,0.0,2750.0,0.0,2750.0,0.0,0.0,0.0,,2750.0
Tamil Nadu,Coimbatore,Pollachi(Uzhavar Sandhai ),Vegetables,Cabbage,Cabbage,Local,2500,3000,2750,Rs./Quintal,0.24,Metric Tonnes,2025-12-06,2750,5,6,12,4,340,49,2750.0,2750.0,2750.0,2750.0,,2750.0,0.0,2750.0,0.0,2750.0,0.0,0.0,0.0,,2750.0
Tamil Nadu,Coimbatore,Pollachi(Uzhavar Sandhai ),Vegetables,Cabbage,Cabbage,Local,2500,3000,2750,Rs./Quintal,0.26,Metric Tonnes,2025-12-07,2750,6,7,12,4,341,49,2750.0,2750.0,2750.0,2750.0,,2750.0,0.0,2750.0,0.0,2750.0,0.0,0.0,0.0,,2750.0
Tamil Nadu,Coimbatore,Pollachi(Uzhavar Sandhai ),Vegetables,Cabbage,Cabbage,Local,2500,3000,2750,Rs./Quintal,0.22,Metric Tonnes,2025-12-08,2750,0,8,12,4,342,50,2750.0,2750.0,2750.0,2750.0,2750.0,2750.0,0.0,2750.0,0.0,2750.0,0.0,0.0,0.0,0.0,2750.0
Tamil Nadu,Coimbatore,Pollachi(Uzhavar Sandhai ),Vegetables,Cabbage,Cabbage,Local,2500,3000,2750,Rs./Quintal,0.24,Metric Tonnes,2025-12-09,2750,1,9,12,4,343,50,2750.0,2750.0,2750.0,2750.0,2750.0,2750.0,0.0,2750.0,0.0,2750.0,0.0,0.0,0.0,0.0,2750.0
Tamil Nadu,Coimbatore,Pollachi(Uzhavar Sandhai ),Vegetables,Cabbage,Cabbage,Local,2500,3000,2750,Rs./Quintal,0.22,Metric Tonnes,2025-12-10,2750,2,10,12,4,344,50,2750.0,2750.0,2750.0,2750.0,2750.0,2750.0,0.0,2750.0,0.0,2750.0,0.0,0.0,0.0,0.0,2750.0
Tamil Nadu,Coimbatore,Pollachi(Uzhavar Sandhai ),Vegetables,Cabbage,Cabbage,Local,2500,3000,2750,Rs./Quintal,0.2,Metric Tonnes,2025-12-11,2750,3,11,12,4,345,50,2750.0,2750.0,2750.0,2750.0,2750.0,2750.0,0.0,2750.0,0.0,2750.0,0.0,0.0,0.0,0.0,2750.0
Tamil Nadu,Coimbatore,Pollachi(Uzhavar Sandhai ),Vegetables,Cabbage,Cabbage,Local,2500,3000,2750,Rs./Quintal,0.22,Metric Tonnes,2025-12-12,2750,4,12,12,4,346,50,2750.0,2750.0,2750.0,2750.0,2750.0,2750.0,0.0,2750.0,0.0,2750.0,0.0,0.0,0.0,0.0,2750.0
Tamil Nadu,Coimbatore,Pollachi(Uzhavar Sandhai ),Vegetables,Cabbage,Cabbage,Local,2500,3000,2750,Rs./Quintal,0.21,Metric Tonnes,2025-12-13,2750,5,13,12,4,347,50,2750.0,2750.0,2750.0,2750.0,2750.0,2750.0,0.0,2750.0,0.0,2750.0,0.0,0.0,0.0,0.0,2750.0
Tamil Nadu,Coimbatore,Pollachi(Uzhavar Sandhai ),Vegetables,Cabbage,Cabbage,Local,2500,3000,2750,Rs./Quintal,0.24,Metric Tonnes,2025-12-14,2750,6,14,12,4,348,50,2750.0,2750.0,2750.0,2750.0,2750.0,2750.0,0.0,2750.0,0.0,2750.0,0.0,0.0,0.0,0.0,2750.0
Tamil Nadu,Coimbatore,Pollachi(Uzhavar Sandhai ),Vegetables,Cabbage,Cabbage,Local,2500,3000,2750,Rs./Quintal,0.19,Metric Tonnes,2025-12-15,2750,0,15,12,4,349,51,2750.0,2750.0,2750.0,2750.0,2750.0,2750.0,0.0,2750.0,0.0,2750.0,0.0,0.0,0.0,0.0,2750.0
Tamil Nadu,Coimbatore,Pollachi(Uzhavar Sandhai ),Vegetables,Cabbage,Cabbage,Local,2500,3000,2750,Rs./Quintal,0.2,Metric Tonnes,2025-12-16,2750,1,16,12,4,350,51,2750.0,2750.0,2750.0,2750.0,2750.0,2750.0,0.0,2750.0,0.0,2750.0,0.0,0.0,0.0,0.0,2750.0
Tamil Nadu,Coimbatore,Pollachi(Uzhavar Sandhai ),Vegetables,Cabbage,Cabbage,Local,2500,3000,2750,Rs./Quintal,0.21,Metric Tonnes,2025-12-17,2750,2,17,12,4,351,51,2750.0,2750.0,2750.0,2750.0,2750.0,2750.0,0.0,2750.0,0.0,2750.0,0.0,0.0,0.0,0.0,2750.0
Tamil Nadu,Coimbatore,Pollachi(Uzhavar Sandhai ),Vegetables,Cabbage,Cabbage,Local,2500,3000,2750,Rs./Quintal,0.2,Metric Tonnes,2025-12-18,2750,3,18,12,4,352,51,2750.0,2750.0,2750.0,2750.0,2750.0,2750.0,0.0,2750.0,0.0,2750.0,0.0,0.0,0.0,0.0,2750.0
Tamil Nadu,Coimbatore,Pollachi(Uzhavar Sandhai ),Vegetables,Cabbage,Cabbage,Local,2500,3000,2750,Rs./Quintal,0.22,Metric Tonnes,2025-12-19,2750,4,19,12,4,353,51,2750.0,2750.0,2750.0,2750.0,2750.0,2750.0,0.0,2750.0,0.0,2750.0,0.0,0.0,0.0,0.0,2750.0
Tamil Nadu,Coimbatore,Pollachi(Uzhavar Sandhai ),Vegetables,Cabbage,Cabbage,Local,2500,3000,2750,Rs./Quintal,0.22,Metric Tonnes,2025-12-20,2750,5,20,12,4,354,51,2750.0,2750.0,2750.0,2750.0,2750.0,2750.0,0.0,2750.0,0.0,2750.0,0.0,0.0,0.0,0.0,2750.0
Tamil Nadu,Coimbatore,Pollachi(Uzhavar Sandhai ),Vegetables,Cabbage,Cabbage,Local,2500,3000,2750,Rs./Quintal,0.24,Metric Tonnes,2025-12-21,2750,6,21,12,4,355,51,2750.0,2750.0,2750.0,2750.0,2750.0,2750.0,0.0,2750.0,0.0,2750.0,0.0,0.0,0.0,0.0,2750.0
Tamil Nadu,Coimbatore,Pollachi(Uzhavar Sandhai ),Vegetables,Cabbage,Cabbage,Local,2500,3000,2750,Rs./Quintal,0.21,Metric Tonnes,2025-12-22,2750,0,22,12,4,356,52,2750.0,2750.0,2750.0,2750.0,2750.0,2750.0,0.0,2750.0,0.0,2750.0,0.0,0.0,0.0,0.0,2750.0
Tamil Nadu,Coimbatore,Pollachi(Uzhavar Sandhai ),Vegetables,Cabbage,Cabbage,Local,2500,3000,2750,Rs./Quintal,0.16,Metric Tonnes,2025-12-23,2750,1,23,12,4,357,52,2750.0,2750.0,2750.0,2750.0,2750.0,2750.0,0.0,2750.0,0.0,2750.0,0.0,0.0,0.0,0.0,2750.0
Tamil Nadu,Coimbatore,Pollachi(Uzhavar Sandhai ),Vegetables,Cabbage,Cabbage,Local,2500,3000,2750,Rs./Quintal,0.18,Metric Tonnes,2025-12-24,2750,2,24,12,4,358,52,2750.0,2750.0,2750.0,2750.0,2750.0,2750.0,0.0,2750.0,0.0,2750.0,0.0,0.0,0.0,0.0,3150.0
Tamil Nadu,Coimbatore,Pollachi(Uzhavar Sandhai ),Vegetables,Cabbage,Cabbage,Local,2500,3800,3150,Rs./Quintal,0.21,Metric Tonnes,2025-12-25,3150,3,25,12,4,359,52,2750.0,2750.0,2750.0,2750.0,2750.0,2750.0,0.0,2750.0,0.0,2750.0,0.0,400.0,400.0,400.0,2750.0
Tamil Nadu,Coimbatore,Pollachi(Uzhavar Sandhai ),Vegetables,Cabbage,Cabbage,Local,2500,3000,2750,Rs./Quintal,0.22,Metric Tonnes,2025-12-26,2750,4,26,12,4,360,52,3150.0,2750.0,2750.0,2750.0,2750.0,2807.1428571428573,151.18578920369086,2778.5714285714284,106.90449676496978,2763.3333333333335,73.02967433402213,-400.0,0.0,0.0,2750.0
Tamil Nadu,Coimbatore,Pollachi(Uzhavar Sandhai ),Vegetables,Cabbage,Cabbage,Local,2500,3000,2750,Rs./Quintal,0.24,Metric Tonnes,2025-12-27,2750,5,27,12,4,361,52,2750.0,2750.0,2750.0,2750.0,2750.0,2807.1428571428573,151.18578920369086,2778.5714285714284,106.90449676496978,2763.3333333333335,73.02967433402213,0.0,0.0,0.0,2750.0
Tamil Nadu,Coimbatore,Pollachi(Uzhavar Sandhai ),Vegetables,Cabbage,Cabbage,Local,2500,3000,2750,Rs./Quintal,0.26,Metric Tonnes,2025-12-28,2750,6,28,12,4,362,52,2750.0,3150.0,2750.0,2750.0,2750.0,2807.1428571428573,151.18578920369086,2778.5714285714284,106.90449676496978,2763.3333333333335,73.02967433402213,0.0,0.0,0.0,2750.0
Tamil Nadu,Coimbatore,Pollachi(Uzhavar Sandhai ),Vegetables,Cabbage,Cabbage,Local,2500,3000,2750,Rs./Quintal,0.25,Metric Tonnes,2025-12-29,2750,0,29,12,4,363,1,2750.0,2750.0,2750.0,2750.0,2750.0,2807.1428571428573,151.18578920369086,2778.5714285714284,106.90449676496978,2763.3333333333335,73.02967433402213,0.0,0.0,0.0,2750.0
Tamil Nadu,Coimbatore,Pollachi(Uzhavar Sandhai ),Vegetables,Cabbage,Cabbage,Local,2500,3000,2750,Rs./Quintal,0.26,Metric Tonnes,2025-12-30,2750,1,30,12,4,364,1,2750.0,2750.0,2750.0,2750.0,2750.0,2807.1428571428573,151.18578920369086,2778.5714285714284,106.90449676496978,2763.3333333333335,73.02967433402213,0.0,0.0,0.0,2750.0
Tamil Nadu,Coimbatore,Pollachi(Uzhavar Sandhai ),Vegetables,Cabbage,Cabbage,Local,2500,3000,2750,Rs./Quintal,0.25,Metric Tonnes,2025-12-31,2750,2,31,12,4,365,1,2750.0,2750.0,2750.0,2750.0,2750.0,2807.1428571428573,151.18578920369086,2778.5714285714284,106.90449676496978,2763.3333333333335,73.02967433402213,0.0,0.0,0.0,2750.0
Tamil Nadu,Coimbatore,Pollachi(Uzhavar Sandhai ),Vegetables,Cabbage,Cabbage,Local,2500,3000,2750,Rs./Quintal,0.21,Metric Tonnes,2026-01-01,2750,3,1,1,1,1,1,2750.0,2750.0,3150.0,2750.0,2750.0,2807.1428571428573,151.18578920369086,2778.5714285714284,106.90449676496978,2763.3333333333335,73.02967433402213,0.0,-400.0,0.0,2750.0
Tamil Nadu,Coimbatore,Pollachi(Uzhavar Sandhai ),Vegetables,Cabbage,Cabbage,Local,2500,3000,2750,Rs./Quintal,0.2,Metric Tonnes,2026-01-02,2750,4,2,1,1,2,1,2750.0,2750.0,2750.0,2750.0,2750.0,2750.0,0.0,2778.5714285714284,106.90449676496978,2763.3333333333335,73.02967433402213,0.0,0.0,0.0,2750.0
Tamil Nadu,Coimbatore,Pollachi(Uzhavar Sandhai ),Vegetables,Cabbage,Cabbage,Local,2500,3000,2750,Rs./Quintal,0.25,Metric Tonnes,2026-01-03,2750,5,3,1,1,3,1,2750.0,2750.0,2750.0,2750.0,2750.0,2750.0,0.0,2778.5714285714284,106.90449676496978,2763.3333333333335,73.02967433402213,0.0,0.0,0.0,2750.0
Tamil Nadu,Coimbatore,Pollachi(Uzhavar Sandhai ),Vegetables,Cabbage,Cabbage,Local,2500,3000,2750,Rs./Quintal,0.26,Metric Tonnes,2026-01-04,2750,6,4,1,1,4,1,2750.0,2750.0,2750.0,2750.0,2750.0,2750.0,0.0,2778.5714285714284,106.90449676496978,2763.3333333333335,73.02967433402213,0.0,0.0,0.0,2750.0
Tamil Nadu,Coimbatore,Pollachi(Uzhavar Sandhai ),Vegetables,Cabbage,Cabbage,Local,2500,3000,2750,Rs./Quintal,0.25,Metric Tonnes,2026-01-05,2750,0,5,1,1,5,2,2750.0,2750.0,2750.0,2750.0,2750.0,2750.0,0.0,2778.5714285714284,106.90449676496978,2763.3333333333335,73.02967433402213,0.0,0.0,0.0,2750.0
Tamil Nadu,Coimbatore,Pollachi(Uzhavar Sandhai ),Vegetables,Cabbage,Cabbage,Local,2500,3000,2750,Rs./Quintal,0.24,Metric Tonnes,2026-01-06,2750,1,6,1,1,6,2,2750.0,2750.0,2750.0,2750.0,2750.0,2750.0,0.0,2778.5714285714284,106.90449676496978,2763.3333333333335,73.02967433402213,0.0,0.0,0.0,2750.0
Tamil Nadu,Coimbatore,Pollachi(Uzhavar Sandhai ),Vegetables,Cabbage,Cabbage,Local,2500,3000,2750,Rs./Quintal,0.26,Metric Tonnes,2026-01-07,2750,2,7,1,1,7,2,2750.0,2750.0,2750.0,2750.0,2750.0,2750.0,0.0,2778.5714285714284,106.90449676496978,2763.3333333333335,73.02967433402213,0.0,0.0,0.0,2750.0
Tamil Nadu,Coimbatore,Pollachi(Uzhavar Sandhai ),Vegetables,Cabbage,Cabbage,Local,2500,3000,2750,Rs./Quintal,0.24,Metric Tonnes,2026-01-08,2750,3,8,1,1,8,2,2750.0,2750.0,2750.0,3150.0,2750.0,2750.0,0.0,2778.5714285714284,106.90449676496978,2763.3333333333335,73.02967433402213,0.0,0.0,0.0,2750.0
Tamil Nadu,Coimbatore,Pollachi(Uzhavar Sandhai ),Vegetables,Cabbage,Cabbage,Local,2500,3000,2750,Rs./Quintal,0.2,Metric Tonnes,2026-01-09,2750,4,9,1,1,9,2,2750.0,2750.0,2750.0,2750.0,2750.0,2750.0,0.0,2750.0,0.0,2763.3333333333335,73.02967433402213,0.0,0.0,0.0,2750.0
Tamil Nadu,Coimbatore,Pollachi(Uzhavar Sandhai ),Vegetables,Cabbage,Cabbage,Local,2500,3000,2750,Rs./Quintal,0.21,Metric Tonnes,2026-01-10,2750,5,10,1,1,10,2,2750.0,2750.0,2750.0,2750.0,2750.0,2750.0,0.0,2750.0,0.0,2763.3333333333335,73.02967433402213,0.0,0.0,0.0,2750.0
Tamil Nadu,Coimbatore,Pollachi(Uzhavar Sandhai ),Vegetables,Cabbage,Cabbage,Local,2500,3000,2750,Rs./Quintal,0.2,Metric Tonnes,2026-01-11,2750,6,11,1,1,11,2,2750.0,2750.0,2750.0,2750.0,2750.0,2750.0,0.0,2750.0,0.0,2763.3333333333335,73.02967433402213,0.0,0.0,0.0,2750.0
Tamil Nadu,Coimbatore,Pollachi(Uzhavar Sandhai ),Vegetables,Cabbage,Cabbage,Local,2500,3000,2750,Rs./Quintal,0.22,Metric Tonnes,2026-01-12,2750,0,12,1,1,12,3,2750.0,2750.0,2750.0,2750.0,2750.0,2750.0,0.0,2750.0,0.0,2763.3333333333335,73.02967433402213,0.0,0.0,0.0,2750.0
Tamil Nadu,Coimbatore,Pollachi(Uzhavar Sandhai ),Vegetables,Cabbage,Cabbage,Local,2500,3000,2750,Rs./Quintal,0.2,Metric Tonnes,2026-01-13,2750,1,13,1,1,13,3,2750.0,2750.0,2750.0,2750.0,2750.0,2750.0,0.0,2750.0,0.0,2763.3333333333335,73.02967433402213,0.0,0.0,0.0,2750.0
Tamil Nadu,Coimbatore,Pollachi(Uzhavar Sandhai ),Vegetables,Cabbage,Cabbage,Local,2500,3000,2750,Rs./Quintal,0.24,Metric Tonnes,2026-01-14,2750,2,14,1,1,14,3,2750.0,2750.0,2750.0,2750.0,2750.0,2750.0,0.0,2750.0,0.0,2763.3333333333335,73.02967433402213,0.0,0.0,0.0,2750.0
Tamil Nadu,Coimbatore,Pollachi(Uzhavar Sandhai ),Vegetables,Cabbage,Cabbage,Local,2500,3000,2750,Rs./Quintal,0.19,Metric Tonnes,2026-01-15,2750,3,15,1,1,15,3,2750.0,2750.0,2750.0,2750.0,2750.0,2750.0,0.0,2750.0,0.0,2763.3333333333335,73.02967433402213,0.0,0.0,0.0,2750.0
Tamil Nadu,Coimbatore,Pollachi(Uzhavar Sandhai ),Vegetables,Cabbage,Cabbage,Local,2500,3000,2750,Rs./Quintal,0.18,Metric Tonnes,2026-01-16,2750,4,16,1,1,16,3,2750.0,2750.0,2750.0,2750.0,2750.0,2750.0,0.0,2750.0,0.0,2763.3333333333335,73.02967433402213,0.0,0.0,0.0,2750.0
Tamil Nadu,Coimbatore,Pollachi(Uzhavar Sandhai ),Vegetables,Cabbage,Cabbage,Local,2500,3000,2750,Rs./Quintal,0.19,Metric Tonnes,2026-01-17,2750,5,17,1,1,17,3,2750.0,2750.0,2750.0,2750.0,2750.0,2750.0,0.0,2750.0,0.0,2763.3333333333335,73.02967433402213,0.0,0.0,0.0,2750.0
Tamil Nadu,Coimbatore,Pollachi(Uzhavar Sandhai ),Vegetables,Cabbage,Cabbage,Local,2500,3000,2750,Rs./Quintal,0.2,Metric Tonnes,2026-01-18,2750,6,18,1,1,18,3,2750.0,2750.0,2750.0,2750.0,2750.0,2750.0,0.0,2750.0,0.0,2763.3333333333335,73.02967433402213,0.0,0.0,0.0,2750.0
Tamil Nadu,Coimbatore,Pollachi(Uzhavar Sandhai ),Vegetables,Cabbage,Cabbage,Local,2500,3000,2750,Rs./Quintal,0.25,Metric Tonnes,2026-01-19,2750,0,19,1,1,19,4,2750.0,2750.0,2750.0,2750.0,2750.0,2750.0,0.0,2750.0,0.0,2763.3333333333335,73.02967433402213,0.0,0.0,0.0,2750.0
Tamil Nadu,Coimbatore,Pollachi(Uzhavar Sandhai ),Vegetables,Cabbage,Cabbage,Local,2500,3000,2750,Rs./Quintal,0.25,Metric Tonnes,2026-01-20,2750,1,20,1,1,20,4,2750.0,2750.0,2750.0,2750.0,2750.0,2750.0,0.0,2750.0,0.0,2763.3333333333335,73.02967433402213,0.0,0.0,0.0,2750.0
Tamil Nadu,Coimbatore,Pollachi(Uzhavar Sandhai ),Vegetables,Cabbage,Cabbage,Local,2500,3000,2750,Rs./Quintal,0.2,Metric Tonnes,2026-01-21,2750,2,21,1,1,21,4,2750.0,2750.0,2750.0,2750.0,2750.0,2750.0,0.0,2750.0,0.0,2763.3333333333335,73.02967433402213,0.0,0.0,0.0,2750.0
Tamil Nadu,Coimbatore,Pollachi(Uzhavar Sandhai ),Vegetables,Cabbage,Cabbage,Local,2500,3000,2750,Rs./Quintal,0.19,Metric Tonnes,2026-01-22,2750,3,22,1,1,22,4,2750.0,2750.0,2750.0,2750.0,2750.0,2750.0,0.0,2750.0,0.0,2763.3333333333335,73.02967433402213,0.0,0.0,0.0,2750.0
Tamil Nadu,Coimbatore,Pollachi(Uzhavar Sandhai ),Vegetables,Cabbage,Cabbage,Local,2500,3000,2750,Rs./Quintal,0.2,Metric Tonnes,2026-01-23,2750,4,23,1,1,23,4,2750.0,2750.0,2750.0,2750.0,2750.0,2750.0,0.0,2750.0,0.0,2763.3333333333335,73.02967433402213,0.0,0.0,0.0,2750.0
Tamil Nadu,Coimbatore,Pollachi(Uzhavar Sandhai ),Vegetables,Cabbage,Cabbage,Local,2500,3000,2750,Rs./Quintal,0.25,Metric Tonnes,2026-01-24,2750,5,24,1,1,24,4,2750.0,2750.0,2750.0,2750.0,3150.0,2750.0,0.0,2750.0,0.0,2763.3333333333335,73.02967433402213,0.0,0.0,-400.0,2750.0
Tamil Nadu,Coimbatore,Pollachi(Uzhavar Sandhai ),Vegetables,Cabbage,Cabbage,Local,2500,3000,2750,Rs./Quintal,0.26,Metric Tonnes,2026-01-25,2750,6,25,1,1,25,4,2750.0,2750.0,2750.0,2750.0,2750.0,2750.0,0.0,2750.0,0.0,2750.0,0.0,0.0,0.0,0.0,2750.0
Tamil Nadu,Coimbatore,Pollachi(Uzhavar Sandhai ),Vegetables,Cabbage,Cabbage,Local,2500,3000,2750,Rs./Quintal,0.22,Metric Tonnes,2026-01-26,2750,0,26,1,1,26,5,2750.0,2750.0,2750.0,2750.0,2750.0,2750.0,0.0,2750.0,0.0,2750.0,0.0,0.0,0.0,0.0,2750.0
Tamil Nadu,Coimbatore,Pollachi(Uzhavar Sandhai ),Vegetables,Cabbage,Cabbage,Local,2500,3000,2750,Rs./Quintal,0.22,Metric Tonnes,2026-01-27,2750,1,27,1,1,27,5,2750.0,2750.0,2750.0,2750.0,2750.0,2750.0,0.0,2750.0,0.0,2750.0,0.0,0.0,0.0,0.0,2750.0
Tamil Nadu,Coimbatore,Pollachi(Uzhavar Sandhai ),Vegetables,Cabbage,Cabbage,Local,2500,3000,2750,Rs./Quintal,0.2,Metric Tonnes,2026-01-28,2750,2,28,1,1,28,5,2750.0,2750.0,2750.0,2750.0,2750.0,2750.0,0.0,2750.0,0.0,2750.0,0.0,0.0,0.0,0.0,2750.0
Tamil Nadu,Coimbatore,Pollachi(Uzhavar Sandhai ),Vegetables,Cabbage,Cabbage,Local,2500,3000,2750,Rs./Quintal,0.2,Metric Tonnes,2026-01-29,2750,3,29,1,1,29,5,2750.0,2750.0,2750.0,2750.0,2750.0,2750.0,0.0,2750.0,0.0,2750.0,0.0,0.0,0.0,0.0,2750.0
Tamil Nadu,Coimbatore,Pollachi(Uzhavar Sandhai ),Vegetables,Cabbage,Cabbage,Local,2500,3000,2750,Rs./Quintal,0.18,Metric Tonnes,2026-01-30,2750,4,30,1,1,30,5,2750.0,2750.0,2750.0,2750.0,2750.0,2750.0,0.0,2750.0,0.0,2750.0,0.0,0.0,0.0,0.0,2750.0
Tamil Nadu,Coimbatore,Pollachi(Uzhavar Sandhai ),Vegetables,Cabbage,Cabbage,Local,2500,3000,2750,Rs./Quintal,0.19,Metric Tonnes,2026-01-31,2750,5,31,1,1,31,5,2750.0,2750.0,2750.0,2750.0,2750.0,2750.0,0.0,2750.0,0.0,2750.0,0.0,0.0,0.0,0.0,2750.0
Tamil Nadu,Coimbatore,Pollachi(Uzhavar Sandhai ),Vegetables,Cabbage,Cabbage,Local,2500,3000,2750,Rs./Quintal,0.2,Metric Tonnes,2026-02-01,2750,6,1,2,1,32,5,2750.0,2750.0,2750.0,2750.0,2750.0,2750.0,0.0,2750.0,0.0,2750.0,0.0,0.0,0.0,0.0,2750.0
Tamil Nadu,Coimbatore,Pollachi(Uzhavar Sandhai ),Vegetables,Cabbage,Cabbage,Local,2500,3000,2750,Rs./Quintal,0.2,Metric Tonnes,2026-02-02,2750,0,2,2,1,33,6,2750.0,2750.0,2750.0,2750.0,2750.0,2750.0,0.0,2750.0,0.0,2750.0,0.0,0.0,0.0,0.0,2750.0
Tamil Nadu,Coimbatore,Pollachi(Uzhavar Sandhai ),Vegetables,Cabbage,Cabbage,Local,2500,3000,2750,Rs./Quintal,0.21,Metric Tonnes,2026-02-03,2750,1,3,2,1,34,6,2750.0,2750.0,2750.0,2750.0,2750.0,2750.0,0.0,2750.0,0.0,2750.0,0.0,0.0,0.0,0.0,2750.0
Tamil Nadu,Coimbatore,Pollachi(Uzhavar Sandhai ),Vegetables,Cabbage,Cabbage,Local,2500,3000,2750,Rs./Quintal,0.2,Metric Tonnes,2026-02-04,2750,2,4,2,1,35,6,2750.0,2750.0,2750.0,2750.0,2750.0,2750.0,0.0,2750.0,0.0,2750.0,0.0,0.0,0.0,0.0,2750.0
Tamil Nadu,Coimbatore,Pollachi(Uzhavar Sandhai ),Vegetables,Cabbage,Cabbage,Local,2500,3000,2750,Rs./Quintal,0.2,Metric Tonnes,2026-02-05,2750,3,5,2,1,36,6,2750.0,2750.0,2750.0,2750.0,2750.0,2750.0,0.0,2750.0,0.0,2750.0,0.0,0.0,0.0,0.0,2750.0
Tamil Nadu,Coimbatore,Pollachi(Uzhavar Sandhai ),Vegetables,Cabbage,Cabbage,Local,2500,3000,2750,Rs./Quintal,0.18,Metric Tonnes,2026-02-06,2750,4,6,2,1,37,6,2750.0,2750.0,2750.0,2750.0,2750.0,2750.0,0.0,2750.0,0.0,2750.0,0.0,0.0,0.0,0.0,2750.0
Tamil Nadu,Coimbatore,Pollachi(Uzhavar Sandhai ),Vegetables,Cabbage,Cabbage,Local,2500,3000,2750,Rs./Quintal,0.19,Metric Tonnes,2026-02-07,2750,5,7,2,1,38,6,2750.0,2750.0,2750.0,2750.0,2750.0,2750.0,0.0,2750.0,0.0,2750.0,0.0,0.0,0.0,0.0,2750.0
Tamil Nadu,Coimbatore,Pollachi(Uzhavar Sandhai ),Vegetables,Cabbage,Cabbage,Local,2500,3000,2750,Rs./Quintal,0.2,Metric Tonnes,2026-02-08,2750,6,8,2,1,39,6,2750.0,2750.0,2750.0,2750.0,2750.0,2750.0,0.0,2750.0,0.0,2750.0,0.0,0.0,0.0,0.0,2750.0
Tamil Nadu,Coimbatore,Pollachi(Uzhavar Sandhai ),Vegetables,Cabbage,Cabbage,Local,2500,3000,2750,Rs./Quintal,0.18,Metric Tonnes,2026-02-09,2750,0,9,2,1,40,7,2750.0,2750.0,2750.0,2750.0,2750.0,2750.0,0.0,2750.0,0.0,2750.0,0.0,0.0,0.0,0.0,2750.0
Tamil Nadu,Coimbatore,Pollachi(Uzhavar Sandhai ),Vegetables,Cabbage,Cabbage,Local,2500,3000,2750,Rs./Quintal,0.2,Metric Tonnes,2026-02-10,2750,1,10,2,1,41,7,2750.0,2750.0,2750.0,2750.0,2750.0,2750.0,0.0,2750.0,0.0,2750.0,0.0,0.0,0.0,0.0,2750.0
Tamil Nadu,Coimbatore,Pollachi(Uzhavar Sandhai ),Vegetables,Cabbage,Cabbage,Local,2500,3000,2750,Rs./Quintal,0.19,Metric Tonnes,2026-02-11,2750,2,11,2,1,42,7,2750.0,2750.0,2750.0,2750.0,2750.0,2750.0,0.0,2750.0,0.0,2750.0,0.0,0.0,0.0,0.0,2750.0
Tamil Nadu,Coimbatore,Pollachi(Uzhavar Sandhai ),Vegetables,Cabbage,Cabbage,Local,2500,3000,2750,Rs./Quintal,0.2,Metric Tonnes,2026-02-12,2750,3,12,2,1,43,7,2750.0,2750.0,2750.0,2750.0,2750.0,2750.0,0.0,2750.0,0.0,2750.0,0.0,0.0,0.0,0.0,2750.0
Tamil Nadu,Coimbatore,Pollachi(Uzhavar Sandhai ),Vegetables,Cabbage,Cabbage,Local,2500,3000,2750,Rs./Quintal,0.19,Metric Tonnes,2026-02-13,2750,4,13,2,1,44,7,2750.0,2750.0,2750.0,2750.0,2750.0,2750.0,0.0,2750.0,0.0,2750.0,0.0,0.0,0.0,0.0,2750.0
Tamil Nadu,Coimbatore,Pollachi(Uzhavar Sandhai ),Vegetables,Cabbage,Cabbage,Local,2500,3000,2750,Rs./Quintal,0.21,Metric Tonnes,2026-02-14,2750,5,14,2,1,45,7,2750.0,2750.0,2750.0,2750.0,2750.0,2750.0,0.0,2750.0,0.0,2750.0,0.0,0.0,0.0,0.0,2750.0
Tamil Nadu,Coimbatore,Pollachi(Uzhavar Sandhai ),Vegetables,Cabbage,Cabbage,Local,2500,3000,2750,Rs./Quintal,0.2,Metric Tonnes,2026-02-15,2750,6,15,2,1,46,7,2750.0,2750.0,2750.0,2750.0,2750.0,2750.0,0.0,2750.0,0.0,2750.0,0.0,0.0,0.0,0.0,2750.0
Tamil Nadu,Coimbatore,Pollachi(Uzhavar Sandhai ),Vegetables,Cabbage,Cabbage,Local,2500,3000,2750,Rs./Quintal,0.2,Metric Tonnes,2026-02-16,2750,0,16,2,1,47,8,2750.0,2750.0,2750.0,2750.0,2750.0,2750.0,0.0,2750.0,0.0,2750.0,0.0,0.0,0.0,0.0,1750.0
Tamil Nadu,Coimbatore,Pollachi(Uzhavar Sandhai ),Vegetables,Cabbage,Cabbage,Local,1500,2000,1750,Rs./Quintal,0.22,Metric Tonnes,2026-02-17,1750,1,17,2,1,48,8,2750.0,2750.0,2750.0,2750.0,2750.0,2750.0,0.0,2750.0,0.0,2750.0,0.0,-1000.0,-1000.0,-1000.0,1750.0
Tamil Nadu,Coimbatore,Pollachi(Uzhavar Sandhai ),Vegetables,Cabbage,Cabbage,Local,1500,2000,1750,Rs./Quintal,0.21,Metric Tonnes,2026-02-18,1750,2,18,2,1,49,8,1750.0,2750.0,2750.0,2750.0,2750.0,2607.1428571428573,377.9644730092273,2678.5714285714284,267.2612419124244,2716.6666666666665,182.57418583505535,0.0,-1000.0,-1000.0,1750.0
Tamil Nadu,Coimbatore,Pollachi(Uzhavar Sandhai ),Vegetables,Cabbage,Cabbage,Local,1500,2000,1750,Rs./Quintal,0.22,Metric Tonnes,2026-02-19,1750,3,19,2,1,50,8,1750.0,2750.0,2750.0,2750.0,2750.0,2464.285714285714,487.95003647426665,2607.1428571428573,363.13651960128135,2683.3333333333335,253.7081317024624,0.0,-1000.0,-1000.0,1750.0
Tamil Nadu,Coimbatore,Pollachi(Uzhavar Sandhai ),Vegetables,Cabbage,Cabbage,Local,1500,2000,1750,Rs./Quintal,0.2,Metric Tonnes,2026-02-20,1750,4,20,2,1,51,8,1750.0,1750.0,2750.0,2750.0,2750.0,2321.4285714285716,534.5224838248488,2535.714285714286,425.81531362631995,2650.0,305.12857662936466,0.0,-1000.0,-1000.0,1750.0
Tamil Nadu,Coimbatore,Pollachi(Uzhavar Sandhai ),Vegetables,Cabbage,Cabbage,Local,1500,2000,1750,Rs./Quintal,0.22,Metric Tonnes,2026-02-21,1750,5,21,2,1,52,8,1750.0,1750.0,2750.0,2750.0,2750.0,2178.5714285714284,534.5224838248487,2464.285714285714,468.8072309384952,2616.6666666666665,345.7459036417604,0.0,-1000.0,-1000.0,1750.0
Tamil Nadu,Coimbatore,Pollachi(Uzhavar Sandhai ),Vegetables,Cabbage,Cabbage,Local,1500,2000,1750,Rs./Quintal,0.2,Metric Tonnes,2026-02-22,1750,6,22,2,1,53,8,1750.0,1750.0,2750.0,2750.0,2750.0,2035.7142857142858,487.95003647426626,2392.8571428571427,497.2451580988466,2583.3333333333335,379.04902178945173,0.0,-1000.0,-1000.0,1750.0
Tamil Nadu,Coimbatore,Pollachi(Uzhavar Sandhai ),Vegetables,Cabbage,Cabbage,Local,1500,2000,1750,Rs./Quintal,0.21,Metric Tonnes,2026-02-23,1750,0,23,2,1,54,9,1750.0,1750.0,2750.0,2750.0,2750.0,1892.857142857143,377.96447300922654,2321.4285714285716,513.5525910130953,2550.0,406.8381021724863,0.0,-1000.0,-1000.0,2250.0
Tamil Nadu,Coimbatore,Pollachi(Uzhavar Sandhai ),Vegetables,Cabbage,Cabbage,Local,2000,2500,2250,Rs./Quintal,0.22,Metric Tonnes,2026-02-24,2250,1,24,2,1,55,9,1750.0,1750.0,1750.0,2750.0,2750.0,1750.0,0.0,2250.0,518.8745216627705,2516.6666666666665,430.1830671520765,500.0,500.0,-500.0,2250.0
Tamil Nadu,Coimbatore,Pollachi(Uzhavar Sandhai ),Vegetables,Cabbage,Cabbage,Local,2000,2500,2250,Rs./Quintal,0.22,Metric Tonnes,2026-02-25,2250,2,25,2,1,56,9,2250.0,1750.0,1750.0,2750.0,2750.0,1821.4285714285713,188.98223650461364,2214.285714285714,498.6244815754369,2500.0,430.51693066150955,0.0,500.0,-500.0,2250.0
Tamil Nadu,Coimbatore,Pollachi(Uzhavar Sandhai ),Vegetables,Cabbage,Cabbage,Local,2000,2500,2250,Rs./Quintal,0.23,Metric Tonnes,2026-02-26,2250,3,26,2,1,57,9,2250.0,1750.0,1750.0,2750.0,2750.0,1892.857142857143,243.97501823713333,2178.5714285714284,474.6311465493229,2483.3333333333335,430.18306715207655,0.0,500.0,-500.0,2250.0
Tamil Nadu,Coimbatore,Pollachi(Uzhavar Sandhai ),Vegetables,Cabbage,Cabbage,Local,2000,2500,2250,Rs./Quintal,0.24,Metric Tonnes,2026-02-27,2250,4,27,2,1,58,9,2250.0,2250.0,1750.0,2750.0,2750.0,1964.2857142857142,267.2612419124244,2142.8571428571427,446.2911876519899,2466.6666666666665,429.1799183312877,0.0,500.0,-500.0,2250.0
Tamil Nadu,Coimbatore,Pollachi(Uzhavar Sandhai ),Vegetables,Cabbage,Cabbage,Local,2000,2500,2250,Rs./Quintal,0.25,Metric Tonnes,2026-02-28,2250,5,28,2,1,59,9,2250.0,2250.0,1750.0,2750.0,2750.0,2035.7142857142858,267.26124191242434,2107.1428571428573,412.7101529277778,2450.0,427.50277272744717,0.0,500.0,-500.0,2250.0
Tamil Nadu,Coimbatore,Pollachi(Uzhavar Sandhai ),Vegetables,Cabbage,Cabbage,Local,2000,2500,2250,Rs./Quintal,0.26,Metric Tonnes,2026-03-01,2250,6,1,3,1,60,9,2250.0,2250.0,1750.0,2750.0,2750.0,2107.1428571428573,243.97501823713313,2071.4285714285716,372.47317183424514,2433.3333333333335,425.14365388275735,0.0,500.0,-500.0,2250.0
Tamil Nadu,Coimbatore,Pollachi(Uzhavar Sandhai ),Vegetables,Cabbage,Cabbage,Local,2000,2500,2250,Rs./Quintal,0.25,Metric Tonnes,2026-03-02,2250,0,2,3,1,61,10,2250.0,2250.0,1750.0,2750.0,2750.0,2178.5714285714284,188.98223650461333,2035.7142857142858,323.1030863294309,2416.6666666666665,422.09112705697805,0.0,500.0,-500.0,2250.0
Tamil Nadu,Coimbatore,Pollachi(Uzhavar Sandhai ),Vegetables,Cabbage,Cabbage,Local,2000,2500,2250,Rs./Quintal,0.26,Metric Tonnes,2026-03-03,2250,1,3,3,1,62,10,2250.0,2250.0,2250.0,1750.0,2750.0,2250.0,0.0,2000.0,259.4372608313839,2400.0,418.33001326703794,0.0,0.0,-500.0,2250.0
Tamil Nadu,Coimbatore,Pollachi(Uzhavar Sandhai ),Vegetables,Cabbage,Cabbage,Local,2000,2500,2250,Rs./Quintal,0.25,Metric Tonnes,2026-03-04,2250,2,4,3,1,63,10,2250.0,2250.0,2250.0,1750.0,2750.0,2250.0,0.0,2035.7142857142858,256.7762955065464,2383.3333333333335,413.84099339733376,0.0,0.0,-500.0,2250.0
Tamil Nadu,Coimbatore,Pollachi(Uzhavar Sandhai ),Vegetables,Cabbage,Cabbage,Local,2000,2500,2250,Rs./Quintal,0.21,Metric Tonnes,2026-03-05,2250,3,5,3,1,64,10,2250.0,2250.0,2250.0,1750.0,2750.0,2250.0,0.0,2071.4285714285716,248.62257904942214,2366.6666666666665,408.60007707843846,0.0,0.0,-500.0,2250.0
Tamil Nadu,Coimbatore,Pollachi(Uzhavar Sandhai ),Vegetables,Cabbage,Cabbage,Local,2000,2500,2250,Rs./Quintal,0.2,Metric Tonnes,2026-03-06,2250,4,6,3,1,65,10,2250.0,2250.0,2250.0,1750.0,2750.0,2250.0,0.0,2107.1428571428573,234.40361546924646,2350.0,402.57789993644894,0.0,0.0,-500.0,2250.0
Tamil Nadu,Coimbatore,Pollachi(Uzhavar Sandhai ),Vegetables,Cabbage,Cabbage,Local,2000,2500,2250,Rs./Quintal,0.21,Metric Tonnes,2026-03-07,2250,5,7,3,1,66,10,2250.0,2250.0,2250.0,1750.0,2750.0,2250.0,0.0,2142.8571428571427,212.90765681315878,2333.3333333333335,395.7387969384591,0.0,0.0,-500.0,2250.0
Tamil Nadu,Coimbatore,Pollachi(Uzhavar Sandhai ),Vegetables,Cabbage,Cabbage,Local,2000,2500,2250,Rs./Quintal,0.22,Metric Tonnes,2026-03-08,2250,6,8,3,1,67,10,2250.0,2250.0,2250.0,1750.0,2750.0,2250.0,0.0,2178.5714285714284,181.5682598006394,2316.6666666666665,388.03957613068064,0.0,0.0,-500.0,2250.0
Tamil Nadu,Coimbatore,Pollachi(Uzhavar Sandhai ),Vegetables,Cabbage,Cabbage,Local,2000,2500,2250,Rs./Quintal,0.21,Metric Tonnes,2026-03-09,2250,0,9,3,1,68,11,2250.0,2250.0,2250.0,1750.0,2750.0,2250.0,0.0,2214.285714285714,133.63062095621052,2300.0,379.4278814760184,0.0,0.0,-500.0,2250.0
Tamil Nadu,Coimbatore,Pollachi(Uzhavar Sandhai ),Vegetables,Cabbage,Cabbage,Local,2000,2500,2250,Rs./Quintal,0.23,Metric Tonnes,2026-03-10,2250,1,10,3,1,69,11,2250.0,2250.0,2250.0,2250.0,2750.0,2250.0,0.0,2250.0,0.0,2283.3333333333335,369.83997782203386,0.0,0.0,-500.0,2250.0
Tamil Nadu,Coimbatore,Pollachi(Uzhavar Sandhai ),Vegetables,Cabbage,Cabbage,Local,2000,2500,2250,Rs./Quintal,0.21,Metric Tonnes,2026-03-11,2250,2,11,3,1,70,11,2250.0,2250.0,2250.0,2250.0,2750.0,2250.0,0.0,2250.0,0.0,2266.6666666666665,359.1977011420693,0.0,0.0,-500.0,2250.0
Tamil Nadu,Coimbatore,Pollachi(Uzhavar Sandhai ),Vegetables,Cabbage,Cabbage,Local,2000,2500,2250,Rs./Quintal,0.2,Metric Tonnes,2026-03-12,2250,3,12,3,1,71,11,2250.0,2250.0,2250.0,2250.0,2750.0,2250.0,0.0,2250.0,0.0,2250.0,347.404166889826,0.0,0.0,-500.0,2250.0
Tamil Nadu,Coimbatore,Pollachi(Uzhavar Sandhai ),Vegetables,Cabbage,Cabbage,Local,2000,2500,2250,Rs./Quintal,0.22,Metric Tonnes,2026-03-13,2250,4,13,3,1,72,11,2250.0,2250.0,2250.0,2250.0,2750.0,2250.0,0.0,2250.0,0.0,2233.3333333333335,334.3375677296864,0.0,0.0,-500.0,2250.0
Tamil Nadu,Coimbatore,Pollachi(Uzhavar Sandhai ),Vegetables,Cabbage,Cabbage,Local,2000,2500,2250,Rs./Quintal,0.23,Metric Tonnes,2026-03-14,2250,5,14,3,1,73,11,2250.0,2250.0,2250.0,2250.0,2750.0,2250.0,0.0,2250.0,0.0,2216.6666666666665,319.8419149747466,0.0,0.0,-500.0,2250.0
Tamil Nadu,Coimbatore,Pollachi(Uzhavar Sandhai ),Vegetables,Cabbage,Cabbage,Local,2000,2500,2250,Rs./Quintal,0.22,Metric Tonnes,2026-03-15,2250,6,15,3,1,74,11,2250.0,2250.0,2250.0,2250.0,2750.0,2250.0,0.0,2250.0,0.0,2200.0,303.71265912099426,0.0,0.0,-500.0,2250.0
Tamil Nadu,Coimbatore,Pollachi(Uzhavar Sandhai ),Vegetables,Cabbage,Cabbage,Local,2000,2500,2250,Rs./Quintal,0.23,Metric Tonnes,2026-03-16,2250,0,16,3,1,75,12,2250.0,2250.0,2250.0,2250.0,2750.0,2250.0,0.0,2250.0,0.0,2183.3333333333335,285.6732318616838,0.0,0.0,-500.0,2250.0
Tamil Nadu,Coimbatore,Pollachi(Uzhavar Sandhai ),Vegetables,Cabbage,Cabbage,Local,2000,2500,2250,Rs./Quintal,0.22,Metric Tonnes,2026-03-17,2250,1,17,3,1,76,12,2250.0,2250.0,2250.0,2250.0,2750.0,2250.0,0.0,2250.0,0.0,2166.6666666666665,265.3343152526173,0.0,0.0,-500.0,2250.0
Tamil Nadu,Coimbatore,Pollachi(Uzhavar Sandhai ),Vegetables,Cabbage,Cabbage,Local,2000,2500,2250,Rs./Quintal,0.23,Metric Tonnes,2026-03-18,2250,2,18,3,1,77,12,2250.0,2250.0,2250.0,2250.0,2750.0,2250.0,0.0,2250.0,0.0,2150.0,242.11709905575245,0.0,0.0,-500.0,2250.0
Tamil Nadu,Coimbatore,Pollachi(Uzhavar Sandhai ),Vegetables,Cabbage,Cabbage,Local,2000,2500,2250,Rs./Quintal,0.2,Metric Tonnes,2026-03-19,2250,3,19,3,1,78,12,2250.0,2250.0,2250.0,2250.0,1750.0,2250.0,0.0,2250.0,0.0,2133.3333333333335,215.09153357603984,0.0,0.0,500.0,2250.0
Tamil Nadu,Coimbatore,Pollachi(Uzhavar Sandhai ),Vegetables,Cabbage,Cabbage,Local,2000,2500,2250,Rs./Quintal,0.21,Metric Tonnes,2026-03-20,2250,4,20,3,1,79,12,2250.0,2250.0,2250.0,2250.0,1750.0,2250.0,0.0,2250.0,0.0,2150.0,203.41905108624468,0.0,0.0,500.0,2250.0
Tamil Nadu,Coimbatore,Pollachi(Uzhavar Sandhai ),Vegetables,Cabbage,Cabbage,Local,2000,2500,2250,Rs./Quintal,0.22,Metric Tonnes,2026-03-21,2250,5,21,3,1,80,12,2250.0,2250.0,2250.0,2250.0,1750.0,2250.0,0.0,2250.0,0.0,2166.6666666666665,189.5245108947273,0.0,0.0,500.0,2250.0
Tamil Nadu,Coimbatore,Pollachi(Uzhavar Sandhai ),Vegetables,Cabbage,Cabbage,Local,2000,2500,2250,Rs./Quintal,0.22,Metric Tonnes,2026-03-22,2250,6,22,3,1,81,12,2250.0,2250.0,2250.0,2250.0,1750.0,2250.0,0.0,2250.0,0.0,2183.3333333333335,172.8729518208816,0.0,0.0,500.0,2250.0
Tamil Nadu,Coimbatore,Pollachi(Uzhavar Sandhai ),Vegetables,Cabbage,Cabbage,Local,2000,2500,2250,Rs./Quintal,0.23,Metric Tonnes,2026-03-23,2250,0,23,3,1,82,13,2250.0,2250.0,2250.0,2250.0,1750.0,2250.0,0.0,2250.0,0.0,2200.0,152.56428831468372,0.0,0.0,500.0,2250.0
Tamil Nadu,Coimbatore,Pollachi(Uzhavar Sandhai ),Vegetables,Cabbage,Cabbage,Local,2000,2500,2250,Rs./Quintal,0.24,Metric Tonnes,2026-03-24,2250,1,24,3,1,83,13,2250.0,2250.0,2250.0,2250.0,1750.0,2250.0,0.0,2250.0,0.0,2216.6666666666665,126.85406585123265,0.0,0.0,500.0,2250.0
Tamil Nadu,Coimbatore,Pollachi(Uzhavar Sandhai ),Vegetables,Cabbage,Cabbage,Local,2000,2500,2250,Rs./Quintal,0.23,Metric Tonnes,2026-03-25,2250,2,25,3,1,84,13,2250.0,2250.0,2250.0,2250.0,1750.0,2250.0,0.0,2250.0,0.0,2233.3333333333335,91.28709291752938,0.0,0.0,500.0,2250.0
Tamil Nadu,Coimbatore,Pollachi(Uzhavar Sandhai ),Vegetables,Cabbage,Cabbage,Local,2000,2500,2250,Rs./Quintal,0.24,Metric Tonnes,2026-03-26,2250,3,26,3,1,85,13,2250.0,2250.0,2250.0,2250.0,2250.0,2250.0,0.0,2250.0,0.0,2250.0,0.0,0.0,0.0,0.0,2250.0
Tamil Nadu,Coimbatore,Pollachi(Uzhavar Sandhai ),Vegetables,Cabbage,Cabbage,Local,2000,2500,2250,Rs./Quintal,0.26,Metric Tonnes,2026-03-27,2250,4,27,3,1,86,13,2250.0,2250.0,2250.0,2250.0,2250.0,2250.0,0.0,2250.0,0.0,2250.0,0.0,0.0,0.0,0.0,2250.0
Tamil Nadu,Coimbatore,Pollachi(Uzhavar Sandhai ),Vegetables,Cabbage,Cabbage,Local,2000,2500,2250,Rs./Quintal,0.27,Metric Tonnes,2026-03-28,2250,5,28,3,1,87,13,2250.0,2250.0,2250.0,2250.0,2250.0,2250.0,0.0,2250.0,0.0,2250.0,0.0,0.0,0.0,0.0,2250.0
Tamil Nadu,Coimbatore,Pollachi(Uzhavar Sandhai ),Vegetables,Cabbage,Cabbage,Local,2000,2500,2250,Rs./Quintal,0.26,Metric Tonnes,2026-03-29,2250,6,29,3,1,88,13,2250.0,2250.0,2250.0,2250.0,2250.0,2250.0,0.0,2250.0,0.0,2250.0,0.0,0.0,0.0,0.0,2250.0
Tamil Nadu,Coimbatore,Pollachi(Uzhavar Sandhai ),Vegetables,Cabbage,Cabbage,Local,2000,2500,2250,Rs./Quintal,0.23,Metric Tonnes,2026-03-30,2250,0,30,3,1,89,14,2250.0,2250.0,2250.0,2250.0,2250.0,2250.0,0.0,2250.0,0.0,2250.0,0.0,0.0,0.0,0.0,2250.0
Tamil Nadu,Coimbatore,Pollachi(Uzhavar Sandhai ),Vegetables,Cabbage,Cabbage,Local,2000,2500,2250,Rs./Quintal,0.24,Metric Tonnes,2026-03-31,2250,1,31,3,1,90,14,2250.0,2250.0,2250.0,2250.0,2250.0,2250.0,0.0,2250.0,0.0,2250.0,0.0,0.0,0.0,0.0,2250.0
Tamil Nadu,Coimbatore,Pollachi(Uzhavar Sandhai ),Vegetables,Cabbage,Cabbage,Local,2000,2500,2250,Rs./Quintal,0.22,Metric Tonnes,2026-04-01,2250,2,1,4,2,91,14,2250.0,2250.0,2250.0,2250.0,2250.0,2250.0,0.0,2250.0,0.0,2250.0,0.0,0.0,0.0,0.0,2250.0
Tamil Nadu,Coimbatore,Pollachi(Uzhavar Sandhai ),Vegetables,Cabbage,Cabbage,Local,2000,2500,2250,Rs./Quintal,0.21,Metric Tonnes,2026-04-02,2250,3,2,4,2,92,14,2250.0,2250.0,2250.0,2250.0,2250.0,2250.0,0.0,2250.0,0.0,2250.0,0.0,0.0,0.0,0.0,2250.0
Tamil Nadu,Coimbatore,Pollachi(Uzhavar Sandhai ),Vegetables,Cabbage,Cabbage,Local,2000,2500,2250,Rs./Quintal,0.22,Metric Tonnes,2026-04-03,2250,4,3,4,2,93,14,2250.0,2250.0,2250.0,2250.0,2250.0,2250.0,0.0,2250.0,0.0,2250.0,0.0,0.0,0.0,0.0,2250.0
Tamil Nadu,Coimbatore,Pollachi(Uzhavar Sandhai ),Vegetables,Cabbage,Cabbage,Local,2000,2500,2250,Rs./Quintal,0.23,Metric Tonnes,2026-04-04,2250,5,4,4,2,94,14,2250.0,2250.0,2250.0,2250.0,2250.0,2250.0,0.0,2250.0,0.0,2250.0,0.0,0.0,0.0,0.0,2250.0
Tamil Nadu,Coimbatore,Pollachi(Uzhavar Sandhai ),Vegetables,Cabbage,Cabbage,Local,2000,2500,2250,Rs./Quintal,0.23,Metric Tonnes,2026-04-05,2250,6,5,4,2,95,14,2250.0,2250.0,2250.0,2250.0,2250.0,2250.0,0.0,2250.0,0.0,2250.0,0.0,0.0,0.0,0.0,2250.0
Tamil Nadu,Coimbatore,Pollachi(Uzhavar Sandhai ),Vegetables,Cabbage,Cabbage,Local,2000,2500,2250,Rs./Quintal,0.22,Metric Tonnes,2026-04-06,2250,0,6,4,2,96,15,2250.0,2250.0,2250.0,2250.0,2250.0,2250.0,0.0,2250.0,0.0,2250.0,0.0,0.0,0.0,0.0,2250.0
Tamil Nadu,Coimbatore,Pollachi(Uzhavar Sandhai ),Vegetables,Cabbage,Cabbage,Local,2000,2500,2250,Rs./Quintal,0.23,Metric Tonnes,2026-04-07,2250,1,7,4,2,97,15,2250.0,2250.0,2250.0,2250.0,2250.0,2250.0,0.0,2250.0,0.0,2250.0,0.0,0.0,0.0,0.0,1800.0
Tamil Nadu,Coimbatore,Pollachi(Uzhavar Sandhai ),Vegetables,Cabbage,Cabbage,Local,1600,2000,1800,Rs./Quintal,0.24,Metric Tonnes,2026-04-08,1800,2,8,4,2,98,15,2250.0,2250.0,2250.0,2250.0,2250.0,2250.0,0.0,2250.0,0.0,2250.0,0.0,-450.0,-450.0,-450.0,1800.0
Tamil Nadu,Coimbatore,Pollachi(Uzhavar Sandhai ),Vegetables,Cabbage,Cabbage,Local,1600,2000,1800,Rs./Quintal,0.23,Metric Tonnes,2026-04-09,1800,3,9,4,2,99,15,1800.0,2250.0,2250.0,2250.0,2250.0,2185.714285714286,170.08401285415226,2217.8571428571427,120.26755886059095,2235.0,82.15838362577492,0.0,-450.0,-450.0,1800.0
Tamil Nadu,Coimbatore,Pollachi(Uzhavar Sandhai ),Vegetables,Cabbage,Cabbage,Local,1600,2000,1800,Rs./Quintal,0.22,Metric Tonnes,2026-04-10,1800,4,10,4,2,100,15,1800.0,2250.0,2250.0,2250.0,2250.0,2121.4285714285716,219.57751641342,2185.714285714286,163.41143382057663,2220.0,114.16865926610811,0.0,-450.0,-450.0,1800.0
Tamil Nadu,Coimbatore,Pollachi(Uzhavar Sandhai ),Vegetables,Cabbage,Cabbage,Local,1600,2000,1800,Rs./Quintal,0.21,Metric Tonnes,2026-04-11,1800,5,11,4,2,101,15,1800.0,1800.0,2250.0,2250.0,2250.0,2057.1428571428573,240.53511772118202,2153.5714285714284,191.61689113184406,2205.0,137.30785948321412,0.0,-450.0,-450.0,1800.0
Tamil Nadu,Coimbatore,Pollachi(Uzhavar Sandhai ),Vegetables,Cabbage,Cabbage,Local,1600,2000,1800,Rs./Quintal,0.22,Metric Tonnes,2026-04-12,1800,6,12,4,2,102,15,1800.0,1800.0,2250.0,2250.0,2250.0,1992.857142857143,240.53511772118208,2121.4285714285716,210.96325392232305,2190.0,155.5856566387922,0.0,-450.0,-450.0,1800.0
Tamil Nadu,Coimbatore,Pollachi(Uzhavar Sandhai ),Vegetables,Cabbage,Cabbage,Local,1600,2000,1800,Rs./Quintal,0.21,Metric Tonnes,2026-04-13,1800,0,13,4,2,103,16,1800.0,1800.0,2250.0,2250.0,2250.0,1928.5714285714287,219.57751641342017,2089.285714285714,223.7603211444813,2175.0,170.57205980525325,0.0,-450.0,-450.0,1800.0
Tamil Nadu,Coimbatore,Pollachi(Uzhavar Sandhai ),Vegetables,Cabbage,Cabbage,Local,1600,2000,1800,Rs./Quintal,0.22,Metric Tonnes,2026-04-14,1800,1,14,4,2,104,16,1800.0,1800.0,2250.0,2250.0,2250.0,1864.2857142857142,170.08401285415255,2057.1428571428573,231.09866595589332,2160.0,183.0771459776188,0.0,-450.0,-450.0,1800.0
Tamil Nadu,Coimbatore,Pollachi(Uzhavar Sandhai ),Vegetables,Cabbage,Cabbage,Local,1600,2000,1800,Rs./Quintal,0.23,Metric Tonnes,2026-04-15,1800,2,15,4,2,105,16,1800.0,1800.0,1800.0,2250.0,2250.0,1800.0,0.0,2025.0,233.49353474824738,2145.0,193.58238021843437,0.0,0.0,-450.0,1800.0
Tamil Nadu,Coimbatore,Pollachi(Uzhavar Sandhai ),Vegetables,Cabbage,Cabbage,Local,1600,2000,1800,Rs./Quintal,0.22,Metric Tonnes,2026-04-16,1800,3,16,4,2,106,16,1800.0,1800.0,1800.0,2250.0,2250.0,1800.0,0.0,1992.857142857143,231.0986659558937,2130.0,202.39940029896164,0.0,0.0,-450.0,1800.0
Tamil Nadu,Coimbatore,Pollachi(Uzhavar Sandhai ),Vegetables,Cabbage,Cabbage,Local,1600,2000,1800,Rs./Quintal,0.25,Metric Tonnes,2026-04-17,1800,4,17,4,2,107,16,1800.0,1800.0,1800.0,2250.0,2250.0,1800.0,0.0,1960.7142857142858,223.760321144482,2115.0,209.74121986472957,0.0,0.0,-450.0,1800.0
Tamil Nadu,Coimbatore,Pollachi(Uzhavar Sandhai ),Vegetables,Cabbage,Cabbage,Local,1600,2000,1800,Rs./Quintal,0.23,Metric Tonnes,2026-04-18,1800,5,18,4,2,108,16,1800.0,1800.0,1800.0,2250.0,2250.0,1800.0,0.0,1928.5714285714287,210.96325392232401,2100.0,215.75848566842288,0.0,0.0,-450.0,1800.0
Tamil Nadu,Coimbatore,Pollachi(Uzhavar Sandhai ),Vegetables,Cabbage,Cabbage,Local,1600,2000,1800,Rs./Quintal,0.24,Metric Tonnes,2026-04-19,1800,6,19,4,2,109,16,1800.0,1800.0,1800.0,2250.0,2250.0,1800.0,0.0,1896.4285714285713,191.61689113184542,2085.0,220.55963303410243,0.0,0.0,-450.0,1800.0
Tamil Nadu,Coimbatore,Pollachi(Uzhavar Sandhai ),Vegetables,Cabbage,Cabbage,Local,1600,2000,1800,Rs./Quintal,0.24,Metric Tonnes,2026-04-20,1800,0,20,4,2,110,17,1800.0,1800.0,1800.0,2250.0,2250.0,1800.0,0.0,1864.2857142857142,163.4114338205785,2070.0,224.2227956050979,0.0,0.0,-450.0,1800.0
Tamil Nadu,Coimbatore,Pollachi(Uzhavar Sandhai ),Vegetables,Cabbage,Cabbage,Local,1600,2000,1800,Rs./Quintal,0.25,Metric Tonnes,2026-04-21,1800,1,21,4,2,111,17,1800.0,1800.0,1800.0,2250.0,2250.0,1800.0,0.0,1832.142857142857,120.26755886059378,2055.0,226.8031198471789,0.0,0.0,-450.0,1800.0
Tamil Nadu,Coimbatore,Pollachi(Uzhavar Sandhai ),Vegetables,Cabbage,Cabbage,Local,1600,2000,1800,Rs./Quintal,0.24,Metric Tonnes,2026-04-22,1800,2,22,4,2,112,17,1800.0,1800.0,1800.0,1800.0,2250.0,1800.0,0.0,1800.0,0.0,2040.0,228.3373185322162,0.0,0.0,-450.0,1800.0
Tamil Nadu,Coimbatore,Pollachi(Uzhavar Sandhai ),Vegetables,Cabbage,Cabbage,Local,1600,2000,1800,Rs./Quintal,0.2,Metric Tonnes,2026-04-23,1800,3,23,4,2,113,17,1800.0,1800.0,1800.0,1800.0,2250.0,1800.0,0.0,1800.0,0.0,2025.0,228.8464324720235,0.0,0.0,-450.0,1800.0
Tamil Nadu,Coimbatore,Pollachi(Uzhavar Sandhai ),Vegetables,Cabbage,Cabbage,Local,1600,2000,1800,Rs./Quintal,0.24,Metric Tonnes,2026-04-24,1800,4,24,4,2,114,17,1800.0,1800.0,1800.0,1800.0,2250.0,1800.0,0.0,1800.0,0.0,2010.0,228.3373185322162,0.0,0.0,-450.0,2250.0
Tamil Nadu,Coimbatore,Pollachi(Uzhavar Sandhai ),Vegetables,Cabbage,Cabbage,Local,2000,2500,2250,Rs./Quintal,0.24,Metric Tonnes,2026-04-25,2250,5,25,4,2,115,17,1800.0,1800.0,1800.0,1800.0,2250.0,1800.0,0.0,1800.0,0.0,1995.0,226.8031198471789,450.0,450.0,0.0,2250.0
Tamil Nadu,Coimbatore,Pollachi(Uzhavar Sandhai ),Vegetables,Cabbage,Cabbage,Local,2000,2500,2250,Rs./Quintal,0.25,Metric Tonnes,2026-04-26,2250,6,26,4,2,116,17,2250.0,1800.0,1800.0,1800.0,2250.0,1864.2857142857142,170.08401285415226,1832.142857142857,120.26755886059097,1995.0,226.8031198471789,0.0,450.0,0.0,2250.0
Tamil Nadu,Coimbatore,Pollachi(Uzhavar Sandhai ),Vegetables,Cabbage,Cabbage,Local,2000,2500,2250,Rs./Quintal,0.26,Metric Tonnes,2026-04-27,2250,0,27,4,2,117,18,2250.0,1800.0,1800.0,1800.0,2250.0,1928.5714285714287,219.57751641341994,1864.2857142857142,163.41143382057666,1995.0,226.8031198471789,0.0,450.0,0.0,2250.0
Tamil Nadu,Coimbatore,Pollachi(Uzhavar Sandhai ),Vegetables,Cabbage,Cabbage,Local,2000,2500,2250,Rs./Quintal,0.25,Metric Tonnes,2026-04-28,2250,1,28,4,2,118,18,2250.0,2250.0,1800.0,1800.0,2250.0,1992.857142857143,240.5351177211819,1896.4285714285713,191.61689113184406,1995.0,226.8031198471789,0.0,450.0,0.0,2250.0
Tamil Nadu,Coimbatore,Pollachi(Uzhavar Sandhai ),Vegetables,Cabbage,Cabbage,Local,2000,2500,2250,Rs./Quintal,0.24,Metric Tonnes,2026-04-29,2250,2,29,4,2,119,18,2250.0,2250.0,1800.0,1800.0,2250.0,2057.1428571428573,240.5351177211819,1928.5714285714287,210.963253922323,1995.0,226.8031198471789,0.0,450.0,0.0,2250.0
Tamil Nadu,Coimbatore,Pollachi(Uzhavar Sandhai ),Vegetables,Cabbage,Cabbage,Local,2000,2500,2250,Rs./Quintal,0.25,Metric Tonnes,2026-04-30,2250,3,30,4,2,120,18,2250.0,2250.0,1800.0,1800.0,2250.0,2121.4285714285716,219.5775164134199,1960.7142857142858,223.76032114448117,1995.0,226.8031198471789,0.0,450.0,0.0,2250.0
Tamil Nadu,Coimbatore,Pollachi(Uzhavar Sandhai ),Vegetables,Cabbage,Cabbage,Local,2000,2500,2250,Rs./Quintal,0.26,Metric Tonnes,2026-05-01,2250,4,1,5,2,121,18,2250.0,2250.0,1800.0,1800.0,2250.0,2185.714285714286,170.08401285415212,1992.857142857143,231.09866595589304,1995.0,226.8031198471789,0.0,450.0,0.0,2750.0
Tamil Nadu,Coimbatore,Pollachi(Uzhavar Sandhai ),Vegetables,Cabbage,Cabbage,Local,2500,3000,2750,Rs./Quintal,0.27,Metric Tonnes,2026-05-02,2750,5,2,5,2,122,18,2250.0,2250.0,2250.0,1800.0,2250.0,2250.0,0.0,2025.0,233.493534748247,1995.0,226.8031198471789,500.0,500.0,500.0,2750.0
Tamil Nadu,Coimbatore,Pollachi(Uzhavar Sandhai ),Vegetables,Cabbage,Cabbage,Local,2500,3000,2750,Rs./Quintal,0.26,Metric Tonnes,2026-05-03,2750,6,3,5,2,123,18,2750.0,2250.0,2250.0,1800.0,2250.0,2321.4285714285716,188.98223650461358,2092.8571428571427,293.42614249398633,2011.6666666666667,261.85127831275327,0.0,500.0,500.0,2750.0
Tamil Nadu,Coimbatore,Pollachi(Uzhavar Sandhai ),Vegetables,Cabbage,Cabbage,Local,2500,3000,2750,Rs./Quintal,0.24,Metric Tonnes,2026-05-04,2750,0,4,5,2,124,19,2750.0,2250.0,2250.0,1800.0,2250.0,2392.8571428571427,243.9750182371332,2160.714285714286,328.26968944907037,2028.3333333333333,291.7495777065564,0.0,500.0,500.0,2750.0
Tamil Nadu,Coimbatore,Pollachi(Uzhavar Sandhai ),Vegetables,Cabbage,Cabbage,Local,2500,3000,2750,Rs./Quintal,0.23,Metric Tonnes,2026-05-05,2750,1,5,5,2,125,19,2750.0,2750.0,2250.0,1800.0,2250.0,2464.285714285714,267.2612419124242,2228.5714285714284,345.6956674670578,2045.0,317.95412811631627,0.0,500.0,500.0,2750.0
Tamil Nadu,Coimbatore,Pollachi(Uzhavar Sandhai ),Vegetables,Cabbage,Cabbage,Local,2500,3000,2750,Rs./Quintal,0.22,Metric Tonnes,2026-05-06,2750,2,6,5,2,126,19,2750.0,2750.0,2250.0,1800.0,2250.0,2535.714285714286,267.2612419124241,2296.4285714285716,348.3280315771582,2061.6666666666665,341.3167538178892,0.0,500.0,500.0,2750.0
Tamil Nadu,Coimbatore,Pollachi(Uzhavar Sandhai ),Vegetables,Cabbage,Cabbage,Local,2500,3000,2750,Rs./Quintal,0.23,Metric Tonnes,2026-05-07,2750,3,7,5,2,127,19,2750.0,2750.0,2250.0,1800.0,2250.0,2607.1428571428573,243.97501823713282,2364.285714285714,336.5141278486809,2078.3333333333335,362.3875172293854,0.0,500.0,500.0,2750.0
Tamil Nadu,Coimbatore,Pollachi(Uzhavar Sandhai ),Vegetables,Cabbage,Cabbage,Local,2500,3000,2750,Rs./Quintal,0.24,Metric Tonnes,2026-05-08,2750,4,8,5,2,128,19,2750.0,2750.0,2250.0,1800.0,1800.0,2678.5714285714284,188.9822365046127,2432.1428571428573,308.5992814047314,2095.0,381.5463093870736,0.0,500.0,950.0,2750.0
Tamil Nadu,Coimbatore,Pollachi(Uzhavar Sandhai ),Vegetables,Cabbage,Cabbage,Local,2500,3000,2750,Rs./Quintal,0.25,Metric Tonnes,2026-05-09,2750,5,9,5,2,129,19,2750.0,2750.0,2750.0,2250.0,1800.0,2750.0,0.0,2500.0,259.43726083138574,2126.6666666666665,395.3901027255656,0.0,0.0,950.0,2750.0
Tamil Nadu,Coimbatore,Pollachi(Uzhavar Sandhai ),Vegetables,Cabbage,Cabbage,Local,2500,3000,2750,Rs./Quintal,0.26,Metric Tonnes,2026-05-10,2750,6,10,5,2,130,19,2750.0,2750.0,2750.0,2250.0,1800.0,2750.0,0.0,2535.714285714286,256.77629550654814,2158.3333333333335,406.21960540585917,0.0,0.0,950.0,2750.0
Tamil Nadu,Coimbatore,Pollachi(Uzhavar Sandhai ),Vegetables,Cabbage,Cabbage,Local,2500,3000,2750,Rs./Quintal,0.25,Metric Tonnes,2026-05-11,2750,0,11,5,2,131,20,2750.0,2750.0,2750.0,2250.0,1800.0,2750.0,0.0,2571.4285714285716,248.62257904942393,2190.0,414.271275440589,0.0,0.0,950.0,2750.0
Tamil Nadu,Coimbatore,Pollachi(Uzhavar Sandhai ),Vegetables,Cabbage,Cabbage,Local,2500,3000,2750,Rs./Quintal,0.24,Metric Tonnes,2026-05-12,2750,1,12,5,2,132,20,2750.0,2750.0,2750.0,2250.0,1800.0,2750.0,0.0,2607.1428571428573,234.40361546924828,2221.6666666666665,419.70501408796,0.0,0.0,950.0,2750.0
Tamil Nadu,Coimbatore,Pollachi(Uzhavar Sandhai ),Vegetables,Cabbage,Cabbage,Local,2500,3000,2750,Rs./Quintal,0.25,Metric Tonnes,2026-05-13,2750,2,13,5,2,133,20,2750.0,2750.0,2750.0,2250.0,1800.0,2750.0,0.0,2642.8571428571427,212.90765681316068,2253.3333333333335,422.62181131869994,0.0,0.0,950.0,2750.0
Tamil Nadu,Coimbatore,Pollachi(Uzhavar Sandhai ),Vegetables,Cabbage,Cabbage,Local,2500,3000,2750,Rs./Quintal,0.24,Metric Tonnes,2026-05-14,2750,3,14,5,2,134,20,2750.0,2750.0,2750.0,2250.0,1800.0,2750.0,0.0,2678.5714285714284,181.56825980064153,2285.0,423.073727984077,0.0,0.0,950.0,2750.0
Tamil Nadu,Coimbatore,Pollachi(Uzhavar Sandhai ),Vegetables,Cabbage,Cabbage,Local,2500,3000,2750,Rs./Quintal,0.23,Metric Tonnes,2026-05-15,2750,4,15,5,2,135,20,2750.0,2750.0,2750.0,2250.0,1800.0,2750.0,0.0,2714.285714285714,133.6306209562133,2316.6666666666665,421.06870054031873,0.0,0.0,950.0,2750.0
Tamil Nadu,Coimbatore,Pollachi(Uzhavar Sandhai ),Vegetables,Cabbage,Cabbage,Local,2500,3000,2750,Rs./Quintal,0.24,Metric Tonnes,2026-05-16,2750,5,16,5,2,136,20,2750.0,2750.0,2750.0,2750.0,1800.0,2750.0,0.0,2750.0,0.0,2348.3333333333335,416.5712534433963,0.0,0.0,950.0,2750.0
Tamil Nadu,Coimbatore,Pollachi(Uzhavar Sandhai ),Vegetables,Cabbage,Cabbage,Local,2500,3000,2750,Rs./Quintal,0.23,Metric Tonnes,2026-05-17,2750,6,17,5,2,137,20,2750.0,2750.0,2750.0,2750.0,1800.0,2750.0,0.0,2750.0,0.0,2380.0,409.4992737141469,0.0,0.0,950.0,2750.0
Tamil Nadu,Coimbatore,Pollachi(Uzhavar Sandhai ),Vegetables,Cabbage,Cabbage,Local,2500,3000,2750,Rs./Quintal,0.24,Metric Tonnes,2026-05-18,2750,0,18,5,2,138,21,2750.0,2750.0,2750.0,2750.0,1800.0,2750.0,0.0,2750.0,0.0,2411.6666666666665,399.71613490794584,0.0,0.0,950.0,2750.0
Tamil Nadu,Coimbatore,Pollachi(Uzhavar Sandhai ),Vegetables,Cabbage,Cabbage,Local,2500,3000,2750,Rs./Quintal,0.25,Metric Tonnes,2026-05-19,2750,1,19,5,2,139,21,2750.0,2750.0,2750.0,2750.0,1800.0,2750.0,0.0,2750.0,0.0,2443.3333333333335,387.01629060725907,0.0,0.0,950.0,2750.0
Tamil Nadu,Coimbatore,Pollachi(Uzhavar Sandhai ),Vegetables,Cabbage,Cabbage,Local,2500,3000,2750,Rs./Quintal,0.23,Metric Tonnes,2026-05-20,2750,2,20,5,2,140,21,2750.0,2750.0,2750.0,2750.0,1800.0,2750.0,0.0,2750.0,0.0,2475.0,371.1004139601294,0.0,0.0,950.0,2750.0
Tamil Nadu,Coimbatore,Pollachi(Uzhavar Sandhai ),Vegetables,Cabbage,Cabbage,Local,2500,3000,2750,Rs./Quintal,0.22,Metric Tonnes,2026-05-21,2750,3,21,5,2,141,21,2750.0,2750.0,2750.0,2750.0,1800.0,2750.0,0.0,2750.0,0.0,2506.6666666666665,351.5319510992966,0.0,0.0,950.0,2750.0
Tamil Nadu,Coimbatore,Pollachi(Uzhavar Sandhai ),Vegetables,Cabbage,Cabbage,Local,2500,3000,2750,Rs./Quintal,0.23,Metric Tonnes,2026-05-22,2750,4,22,5,2,142,21,2750.0,2750.0,2750.0,2750.0,1800.0,2750.0,0.0,2750.0,0.0,2538.3333333333335,327.65713085830885,0.0,0.0,950.0,2750.0
Tamil Nadu,Coimbatore,Pollachi(Uzhavar Sandhai ),Vegetables,Cabbage,Cabbage,Local,2500,3000,2750,Rs./Quintal,0.25,Metric Tonnes,2026-05-23,2750,5,23,5,2,143,21,2750.0,2750.0,2750.0,2750.0,1800.0,2750.0,0.0,2750.0,0.0,2570.0,298.4442418899073,0.0,0.0,950.0,2750.0
Tamil Nadu,Coimbatore,Pollachi(Uzhavar Sandhai ),Vegetables,Cabbage,Cabbage,Local,2500,3000,2750,Rs./Quintal,0.26,Metric Tonnes,2026-05-24,2750,6,24,5,2,144,21,2750.0,2750.0,2750.0,2750.0,1800.0,2750.0,0.0,2750.0,0.0,2601.6666666666665,262.114522658524,0.0,0.0,950.0,2750.0
Tamil Nadu,Coimbatore,Pollachi(Uzhavar Sandhai ),Vegetables,Cabbage,Cabbage,Local,2500,3000,2750,Rs./Quintal,0.25,Metric Tonnes,2026-05-25,2750,0,25,5,2,145,22,2750.0,2750.0,2750.0,2750.0,2250.0,2750.0,0.0,2750.0,0.0,2633.3333333333335,215.09153357603853,0.0,0.0,500.0,2750.0
Tamil Nadu,Coimbatore,Pollachi(Uzhavar Sandhai ),Vegetables,Cabbage,Cabbage,Local,2500,3000,2750,Rs./Quintal,0.26,Metric Tonnes,2026-05-26,2750,1,26,5,2,146,22,2750.0,2750.0,2750.0,2750.0,2250.0,2750.0,0.0,2750.0,0.0,2650.0,203.41905108624354,0.0,0.0,500.0,2750.0
Tamil Nadu,Coimbatore,Pollachi(Uzhavar Sandhai ),Vegetables,Cabbage,Cabbage,Local,2500,3000,2750,Rs./Quintal,0.25,Metric Tonnes,2026-05-27,2750,2,27,5,2,147,22,2750.0,2750.0,2750.0,2750.0,2250.0,2750.0,0.0,2750.0,0.0,2666.6666666666665,189.52451089472635,0.0,0.0,500.0,2750.0
Tamil Nadu,Coimbatore,Pollachi(Uzhavar Sandhai ),Vegetables,Cabbage,Cabbage,Local,2500,3000,2750,Rs./Quintal,0.27,Metric Tonnes,2026-05-28,2750,3,28,5,2,148,22,2750.0,2750.0,2750.0,2750.0,2250.0,2750.0,0.0,2750.0,0.0,2683.3333333333335,172.87295182088081,0.0,0.0,500.0,2750.0
Tamil Nadu,Coimbatore,Pollachi(Uzhavar Sandhai ),Vegetables,Cabbage,Cabbage,Local,2500,3000,2750,Rs./Quintal,0.25,Metric Tonnes,2026-05-29,2750,4,29,5,2,149,22,2750.0,2750.0,2750.0,2750.0,2250.0,2750.0,0.0,2750.0,0.0,2700.0,152.5642883146831,0.0,0.0,500.0,2750.0
Tamil Nadu,Coimbatore,Pollachi(Uzhavar Sandhai ),Vegetables,Cabbage,Cabbage,Local,2500,3000,2750,Rs./Quintal,0.26,Metric Tonnes,2026-05-30,2750,5,30,5,2,150,22,2750.0,2750.0,2750.0,2750.0,2250.0,2750.0,0.0,2750.0,0.0,2716.6666666666665,126.85406585123226,0.0,0.0,500.0,2750.0
Tamil Nadu,Coimbatore,Pollachi(Uzhavar Sandhai ),Vegetables,Cabbage,Cabbage,Local,2500,3000,2750,Rs./Quintal,0.24,Metric Tonnes,2026-05-31,2750,6,31,5,2,151,22,2750.0,2750.0,2750.0,2750.0,2250.0,2750.0,0.0,2750.0,0.0,2733.3333333333335,91.28709291752935,0.0,0.0,500.0,2750.0
Tamil Nadu,Coimbatore,Pollachi(Uzhavar Sandhai ),Vegetables,Cabbage,Cabbage,Local,2500,3000,2750,Rs./Quintal,0.23,Metric Tonnes,2026-06-01,2750,0,1,6,2,152,23,2750.0,2750.0,2750.0,2750.0,2750.0,2750.0,0.0,2750.0,0.0,2750.0,0.0,0.0,0.0,0.0,2750.0
Tamil Nadu,Coimbatore,Pollachi(Uzhavar Sandhai ),Vegetables,Cabbage,Cabbage,Local,2500,3000,2750,Rs./Quintal,0.26,Metric Tonnes,2026-06-02,2750,1,2,6,2,153,23,2750.0,2750.0,2750.0,2750.0,2750.0,2750.0,0.0,2750.0,0.0,2750.0,0.0,0.0,0.0,0.0,2750.0
Tamil Nadu,Coimbatore,Pollachi(Uzhavar Sandhai ),Vegetables,Cabbage,Cabbage,Local,2500,3000,2750,Rs./Quintal,0.24,Metric Tonnes,2026-06-03,2750,2,3,6,2,154,23,2750.0,2750.0,2750.0,2750.0,2750.0,2750.0,0.0,2750.0,0.0,2750.0,0.0,0.0,0.0,0.0,2750.0
Tamil Nadu,Coimbatore,Pollachi(Uzhavar Sandhai ),Vegetables,Cabbage,Cabbage,Local,2500,3000,2750,Rs./Quintal,0.25,Metric Tonnes,2026-06-04,2750,3,4,6,2,155,23,2750.0,2750.0,2750.0,2750.0,2750.0,2750.0,0.0,2750.0,0.0,2750.0,0.0,0.0,0.0,0.0,2750.0
Tamil Nadu,Coimbatore,Pollachi(Uzhavar Sandhai ),Vegetables,Cabbage,Cabbage,Local,2500,3000,2750,Rs./Quintal,0.24,Metric Tonnes,2026-06-05,2750,4,5,6,2,156,23,2750.0,2750.0,2750.0,2750.0,2750.0,2750.0,0.0,2750.0,0.0,2750.0,0.0,0.0,0.0,0.0,3750.0
Tamil Nadu,Coimbatore,Pollachi(Uzhavar Sandhai ),Vegetables,Cabbage,Cabbage,Local,3500,4000,3750,Rs./Quintal,0.26,Metric Tonnes,2026-06-06,3750,5,6,6,2,157,23,2750.0,2750.0,2750.0,2750.0,2750.0,2750.0,0.0,2750.0,0.0,2750.0,0.0,1000.0,1000.0,1000.0,3750.0
Tamil Nadu,Coimbatore,Pollachi(Uzhavar Sandhai ),Vegetables,Cabbage,Cabbage,Local,3500,4000,3750,Rs./Quintal,0.27,Metric Tonnes,2026-06-07,3750,6,7,6,2,158,23,3750.0,2750.0,2750.0,2750.0,2750.0,2892.8571428571427,377.9644730092273,2821.4285714285716,267.2612419124244,2783.3333333333335,182.57418583505535,0.0,1000.0,1000.0,3750.0
Tamil Nadu,Coimbatore,Pollachi(Uzhavar Sandhai ),Vegetables,Cabbage,Cabbage,Local,3500,4000,3750,Rs./Quintal,0.26,Metric Tonnes,2026-06-08,3750,0,8,6,2,159,24,3750.0,2750.0,2750.0,2750.0,2750.0,3035.714285714286,487.95003647426665,2892.8571428571427,363.13651960128135,2816.6666666666665,253.7081317024624,0.0,1000.0,1000.0,3750.0
Tamil Nadu,Coimbatore,Pollachi(Uzhavar Sandhai ),Vegetables,Cabbage,Cabbage,Local,3500,4000,3750,Rs./Quintal,0.29,Metric Tonnes,2026-06-09,3750,1,9,6,2,160,24,3750.0,3750.0,2750.0,2750.0,2750.0,3178.5714285714284,534.5224838248488,2964.285714285714,425.81531362631995,2850.0,305.12857662936466,0.0,1000.0,1000.0,3750.0
Tamil Nadu,Coimbatore,Pollachi(Uzhavar Sandhai ),Vegetables,Cabbage,Cabbage,Local,3500,4000,3750,Rs./Quintal,0.28,Metric Tonnes,2026-06-10,3750,2,10,6,2,161,24,3750.0,3750.0,2750.0,2750.0,2750.0,3321.4285714285716,534.5224838248487,3035.714285714286,468.8072309384952,2883.3333333333335,345.7459036417604,0.0,1000.0,1000.0,3750.0
Tamil Nadu,Coimbatore,Pollachi(Uzhavar Sandhai ),Vegetables,Cabbage,Cabbage,Local,3500,4000,3750,Rs./Quintal,0.29,Metric Tonnes,2026-06-11,3750,3,11,6,2,162,24,3750.0,3750.0,2750.0,2750.0,2750.0,3464.285714285714,487.9500364742662,3107.1428571428573,497.2451580988466,2916.6666666666665,379.04902178945173,0.0,1000.0,1000.0,3750.0
Tamil Nadu,Coimbatore,Pollachi(Uzhavar Sandhai ),Vegetables,Cabbage,Cabbage,Local,3500,4000,3750,Rs./Quintal,0.28,Metric Tonnes,2026-06-12,3750,4,12,6,2,163,24,3750.0,3750.0,2750.0,2750.0,2750.0,3607.1428571428573,377.9644730092263,3178.5714285714284,513.5525910130953,2950.0,406.8381021724863,0.0,1000.0,1000.0,3750.0
Tamil Nadu,Coimbatore,Pollachi(Uzhavar Sandhai ),Vegetables,Cabbage,Cabbage,Local,3500,4000,3750,Rs./Quintal,0.28,Metric Tonnes,2026-06-13,3750,5,13,6,2,164,24,3750.0,3750.0,3750.0,2750.0,2750.0,3750.0,0.0,3250.0,518.8745216627705,2983.3333333333335,430.1830671520765,0.0,0.0,1000.0,4250.0
Tamil Nadu,Coimbatore,Pollachi(Uzhavar Sandhai ),Vegetables,Cabbage,Cabbage,Local,4000,4500,4250,Rs./Quintal,0.25,Metric Tonnes,2026-06-14,4250,6,14,6,2,165,24,3750.0,3750.0,3750.0,2750.0,2750.0,3750.0,0.0,3321.4285714285716,513.552591013095,3016.6666666666665,449.77644510880384,500.0,500.0,1500.0,4250.0
Tamil Nadu,Coimbatore,Pollachi(Uzhavar Sandhai ),Vegetables,Cabbage,Cabbage,Local,4000,4500,4250,Rs./Quintal,0.22,Metric Tonnes,2026-06-15,4250,0,15,6,2,166,25,4250.0,3750.0,3750.0,2750.0,2750.0,3821.4285714285716,188.98223650461358,3428.5714285714284,540.9088810348902,3066.6666666666665,499.7125610570153,0.0,500.0,1500.0,4250.0
Tamil Nadu,Coimbatore,Pollachi(Uzhavar Sandhai ),Vegetables,Cabbage,Cabbage,Local,4000,4500,4250,Rs./Quintal,0.21,Metric Tonnes,2026-06-16,4250,1,16,6,2,167,25,4250.0,3750.0,3750.0,2750.0,2750.0,3892.8571428571427,243.9750182371332,3535.714285714286,544.7047794019214,3116.6666666666665,540.3276996309796,0.0,500.0,1500.0,4250.0
Tamil Nadu,Coimbatore,Pollachi(Uzhavar Sandhai ),Vegetables,Cabbage,Cabbage,Local,4000,4500,4250,Rs./Quintal,0.23,Metric Tonnes,2026-06-17,4250,2,17,6,2,168,25,4250.0,4250.0,3750.0,2750.0,2750.0,3964.285714285714,267.2612419124242,3642.8571428571427,525.4511405439142,3166.6666666666665,573.6052549495582,0.0,500.0,1500.0,4250.0
Tamil Nadu,Coimbatore,Pollachi(Uzhavar Sandhai ),Vegetables,Cabbage,Cabbage,Local,4000,4500,4250,Rs./Quintal,0.24,Metric Tonnes,2026-06-18,4250,3,18,6,2,169,25,4250.0,4250.0,3750.0,2750.0,2750.0,4035.714285714286,267.2612419124241,3750.0,480.38446141526043,3216.6666666666665,600.7657948234784,0.0,500.0,1500.0,4250.0
Tamil Nadu,Coimbatore,Pollachi(Uzhavar Sandhai ),Vegetables,Cabbage,Cabbage,Local,4000,4500,4250,Rs./Quintal,0.22,Metric Tonnes,2026-06-19,4250,4,19,6,2,170,25,4250.0,4250.0,3750.0,2750.0,2750.0,4107.142857142857,243.97501823713282,3857.1428571428573,400.8918628686352,3266.6666666666665,622.6103742798704,0.0,500.0,1500.0,4250.0
Tamil Nadu,Coimbatore,Pollachi(Uzhavar Sandhai ),Vegetables,Cabbage,Cabbage,Local,4000,4500,4250,Rs./Quintal,0.21,Metric Tonnes,2026-06-20,4250,5,20,6,2,171,25,4250.0,4250.0,3750.0,3750.0,2750.0,4178.571428571428,188.98223650461262,3964.285714285714,256.7762955065454,3316.6666666666665,639.6838299494927,0.0,500.0,1500.0,4250.0
Tamil Nadu,Coimbatore,Pollachi(Uzhavar Sandhai ),Vegetables,Cabbage,Cabbage,Local,4000,4500,4250,Rs./Quintal,0.2,Metric Tonnes,2026-06-21,4250,6,21,6,2,172,25,4250.0,4250.0,4250.0,3750.0,2750.0,4250.0,0.0,4000.0,259.437260831383,3366.6666666666665,652.3608760829234,0.0,0.0,1500.0,4250.0
Tamil Nadu,Coimbatore,Pollachi(Uzhavar Sandhai ),Vegetables,Cabbage,Cabbage,Local,4000,4500,4250,Rs./Quintal,0.19,Metric Tonnes,2026-06-22,4250,0,22,6,2,173,26,4250.0,4250.0,4250.0,3750.0,2750.0,4250.0,0.0,4035.714285714286,256.7762955065453,3416.6666666666665,660.8945522512677,0.0,0.0,1500.0,4250.0
Tamil Nadu,Coimbatore,Pollachi(Uzhavar Sandhai ),Vegetables,Cabbage,Cabbage,Local,4000,4500,4250,Rs./Quintal,0.2,Metric Tonnes,2026-06-23,4250,1,23,6,2,174,26,4250.0,4250.0,4250.0,3750.0,2750.0,4250.0,0.0,4071.4285714285716,248.62257904942095,3466.6666666666665,665.4442816299681,0.0,0.0,1500.0,4250.0
Tamil Nadu,Coimbatore,Pollachi(Uzhavar Sandhai ),Vegetables,Cabbage,Cabbage,Local,4000,4500,4250,Rs./Quintal,0.21,Metric Tonnes,2026-06-24,4250,2,24,6,2,175,26,4250.0,4250.0,4250.0,3750.0,2750.0,4250.0,0.0,4107.142857142857,234.40361546924498,3516.6666666666665,666.0917060882396,0.0,0.0,1500.0,4250.0
Tamil Nadu,Coimbatore,Pollachi(Uzhavar Sandhai ),Vegetables,Cabbage,Cabbage,Local,4000,4500,4250,Rs./Quintal,0.2,Metric Tonnes,2026-06-25,4250,3,25,6,2,176,26,4250.0,4250.0,4250.0,3750.0,2750.0,4250.0,0.0,4142.857142857143,212.90765681315688,3566.6666666666665,662.8482602315221,0.0,0.0,1500.0,4250.0
Tamil Nadu,Coimbatore,Pollachi(Uzhavar Sandhai ),Vegetables,Cabbage,Cabbage,Local,4000,4500,4250,Rs./Quintal,0.26,Metric Tonnes,2026-06-26,4250,4,26,6,2,177,26,4250.0,4250.0,4250.0,3750.0,2750.0,4250.0,0.0,4178.571428571428,181.56825980063672,3616.6666666666665,655.6562037159918,0.0,0.0,1500.0,4250.0
Tamil Nadu,Coimbatore,Pollachi(Uzhavar Sandhai ),Vegetables,Cabbage,Cabbage,Local,4000,4500,4250,Rs./Quintal,0.22,Metric Tonnes,2026-06-27,4250,5,27,6,2,178,26,4250.0,4250.0,4250.0,3750.0,2750.0,4250.0,0.0,4214.285714285715,133.6306209562062,3666.6666666666665,644.3833370420693,0.0,0.0,1500.0,4250.0
Tamil Nadu,Coimbatore,Pollachi(Uzhavar Sandhai ),Vegetables,Cabbage,Cabbage,Local,4000,4500,4250,Rs./Quintal,0.24,Metric Tonnes,2026-06-28,4250,6,28,6,2,179,26,4250.0,4250.0,4250.0,4250.0,2750.0,4250.0,0.0,4250.0,0.0,3716.6666666666665,628.810224829858,0.0,0.0,1500.0,4250.0
Tamil Nadu,Coimbatore,Pollachi(Uzhavar Sandhai ),Vegetables,Cabbage,Cabbage,Local,4000,4500,4250,Rs./Quintal,0.21,Metric Tonnes,2026-06-29,4250,0,29,6,2,180,27,4250.0,4250.0,4250.0,4250.0,2750.0,4250.0,0.0,4250.0,0.0,3766.6666666666665,608.6068508081196,0.0,0.0,1500.0,4250.0
Tamil Nadu,Coimbatore,Pollachi(Uzhavar Sandhai ),Vegetables,Cabbage,Cabbage,Local,4000,4500,4250,Rs./Quintal,0.18,Metric Tonnes,2026-06-30,4250,1,30,6,2,181,27,4250.0,4250.0,4250.0,4250.0,2750.0,4250.0,0.0,4250.0,0.0,3816.6666666666665,583.2922809856765,0.0,0.0,1500.0,4250.0
Tamil Nadu,Coimbatore,Pollachi(Uzhavar Sandhai ),Vegetables,Cabbage,Cabbage,Local,4000,4500,4250,Rs./Quintal,0.16,Metric Tonnes,2026-07-01,4250,2,1,7,3,182,27,4250.0,4250.0,4250.0,4250.0,2750.0,4250.0,0.0,4250.0,0.0,3866.6666666666665,552.1639769771898,0.0,0.0,1500.0,4250.0
Tamil Nadu,Coimbatore,Pollachi(Uzhavar Sandhai ),Vegetables,Cabbage,Cabbage,Local,4000,4500,4250,Rs./Quintal,0.18,Metric Tonnes,2026-07-02,4250,3,2,7,3,183,27,4250.0,4250.0,4250.0,4250.0,2750.0,4250.0,0.0,4250.0,0.0,3916.6666666666665,514.1671091113825,0.0,0.0,1500.0,4250.0
Tamil Nadu,Coimbatore,Pollachi(Uzhavar Sandhai ),Vegetables,Cabbage,Cabbage,Local,4000,4500,4250,Rs./Quintal,0.18,Metric Tonnes,2026-07-03,4250,4,3,7,3,184,27,4250.0,4250.0,4250.0,4250.0,2750.0,4250.0,0.0,4250.0,0.0,3966.6666666666665,467.63036783290994,0.0,0.0,1500.0,4250.0
Tamil Nadu,Coimbatore,Pollachi(Uzhavar Sandhai ),Vegetables,Cabbage,Cabbage,Local,4000,4500,4250,Rs./Quintal,0.17,Metric Tonnes,2026-07-04,4250,5,4,7,3,185,27,4250.0,4250.0,4250.0,4250.0,2750.0,4250.0,0.0,4250.0,0.0,4016.6666666666665,409.6536243633461,0.0,0.0,1500.0,4250.0
Tamil Nadu,Coimbatore,Pollachi(Uzhavar Sandhai ),Vegetables,Cabbage,Cabbage,Local,4000,4500,4250,Rs./Quintal,0.18,Metric Tonnes,2026-07-05,4250,6,5,7,3,186,27,4250.0,4250.0,4250.0,4250.0,2750.0,4250.0,0.0,4250.0,0.0,4066.6666666666665,334.33756772968985,0.0,0.0,1500.0,4250.0
Tamil Nadu,Coimbatore,Pollachi(Uzhavar Sandhai ),Vegetables,Cabbage,Cabbage,Local,4000,4500,4250,Rs./Quintal,0.21,Metric Tonnes,2026-07-06,4250,0,6,7,3,187,28,4250.0,4250.0,4250.0,4250.0,3750.0,4250.0,0.0,4250.0,0.0,4116.666666666667,224.88822255440797,0.0,0.0,500.0,4250.0
Tamil Nadu,Coimbatore,Pollachi(Uzhavar Sandhai ),Vegetables,Cabbage,Cabbage,Local,4000,4500,4250,Rs./Quintal,0.21,Metric Tonnes,2026-07-07,4250,1,7,7,3,188,28,4250.0,4250.0,4250.0,4250.0,3750.0,4250.0,0.0,4250.0,0.0,4133.333333333333,215.09153357604475,0.0,0.0,500.0,4250.0
Tamil Nadu,Coimbatore,Pollachi(Uzhavar Sandhai ),Vegetables,Cabbage,Cabbage,Local,4000,4500,4250,Rs./Quintal,0.16,Metric Tonnes,2026-07-08,4250,2,8,7,3,189,28,4250.0,4250.0,4250.0,4250.0,3750.0,4250.0,0.0,4250.0,0.0,4150.0,203.41905108625028,0.0,0.0,500.0,4250.0
Tamil Nadu,Coimbatore,Pollachi(Uzhavar Sandhai ),Vegetables,Cabbage,Cabbage,Local,4000,4500,4250,Rs./Quintal,0.17,Metric Tonnes,2026-07-09,4250,3,9,7,3,190,28,4250.0,4250.0,4250.0,4250.0,3750.0,4250.0,0.0,4250.0,0.0,4166.666666666667,189.5245108947338,0.0,0.0,500.0,4250.0
Tamil Nadu,Coimbatore,Pollachi(Uzhavar Sandhai ),Vegetables,Cabbage,Cabbage,Local,4000,4500,4250,Rs./Quintal,0.18,Metric Tonnes,2026-07-10,4250,4,10,7,3,191,28,4250.0,4250.0,4250.0,4250.0,3750.0,4250.0,0.0,4250.0,0.0,4183.333333333333,172.87295182088928,0.0,0.0,500.0,4250.0
Tamil Nadu,Coimbatore,Pollachi(Uzhavar Sandhai ),Vegetables,Cabbage,Cabbage,Local,4000,4500,4250,Rs./Quintal,0.19,Metric Tonnes,2026-07-11,4250,5,11,7,3,192,28,4250.0,4250.0,4250.0,4250.0,3750.0,4250.0,0.0,4250.0,0.0,4200.0,152.5642883146931,0.0,0.0,500.0,4250.0
Tamil Nadu,Coimbatore,Pollachi(Uzhavar Sandhai ),Vegetables,Cabbage,Cabbage,Local,4000,4500,4250,Rs./Quintal,0.2,Metric Tonnes,2026-07-12,4250,6,12,7,3,193,28,4250.0,4250.0,4250.0,4250.0,3750.0,4250.0,0.0,4250.0,0.0,4216.666666666667,126.85406585124483,0.0,0.0,500.0,4250.0
Tamil Nadu,Coimbatore,Pollachi(Uzhavar Sandhai ),Vegetables,Cabbage,Cabbage,Local,4000,4500,4250,Rs./Quintal,0.18,Metric Tonnes,2026-07-13,4250,0,13,7,3,194,29,4250.0,4250.0,4250.0,4250.0,3750.0,4250.0,0.0,4250.0,0.0,4233.333333333333,91.28709291754761,0.0,0.0,500.0,3750.0
Tamil Nadu,Coimbatore,Pollachi(Uzhavar Sandhai ),Vegetables,Cabbage,Cabbage,Local,3500,4000,3750,Rs./Quintal,0.15,Metric Tonnes,2026-07-14,3750,1,14,7,3,195,29,4250.0,4250.0,4250.0,4250.0,4250.0,4250.0,0.0,4250.0,0.0,4250.0,6.198958945378996e-05,-500.0,-500.0,-500.0,3750.0
Tamil Nadu,Coimbatore,Pollachi(Uzhavar Sandhai ),Vegetables,Cabbage,Cabbage,Local,3500,4000,3750,Rs./Quintal,0.14,Metric Tonnes,2026-07-15,3750,2,15,7,3,196,29,3750.0,4250.0,4250.0,4250.0,4250.0,4178.571428571428,188.98223650461358,4214.285714285715,133.63062095621225,4233.333333333333,91.28709291754761,0.0,-500.0,-500.0,3750.0
Tamil Nadu,Coimbatore,Pollachi(Uzhavar Sandhai ),Vegetables,Cabbage,Cabbage,Local,3500,4000,3750,Rs./Quintal,0.16,Metric Tonnes,2026-07-16,3750,3,16,7,3,197,29,3750.0,4250.0,4250.0,4250.0,4250.0,4107.142857142857,243.97501823713313,4178.571428571428,181.56825980064087,4216.666666666667,126.85406585124483,0.0,-500.0,-500.0,3750.0
Tamil Nadu,Coimbatore,Pollachi(Uzhavar Sandhai ),Vegetables,Cabbage,Cabbage,Local,3500,4000,3750,Rs./Quintal,0.17,Metric Tonnes,2026-07-17,3750,4,17,7,3,198,29,3750.0,3750.0,4250.0,4250.0,4250.0,4035.714285714286,267.26124191242417,4142.857142857143,212.90765681316026,4200.0,152.5642883146931,0.0,-500.0,-500.0,3850.0
Tamil Nadu,Coimbatore,Pollachi(Uzhavar Sandhai ),Vegetables,Cabbage,Cabbage,Local,3500,4200,3850,Rs./Quintal,0.18,Metric Tonnes,2026-07-18,3850,5,18,7,3,199,29,3750.0,3750.0,4250.0,4250.0,4250.0,3964.285714285714,267.261241912424,4107.142857142857,234.4036154692479,4183.333333333333,172.87295182088928,100.0,-400.0,-400.0,3850.0
Tamil Nadu,Coimbatore,Pollachi(Uzhavar Sandhai ),Vegetables,Cabbage,Cabbage,Local,3500,4200,3850,Rs./Quintal,0.19,Metric Tonnes,2026-07-19,3850,6,19,7,3,200,29,3850.0,3750.0,4250.0,4250.0,4250.0,3907.1428571428573,237.04530408864025,4078.5714285714284,239.96336716761093,4170.0,182.70005567823625,0.0,-400.0,-400.0,3750.0
Tamil Nadu,Coimbatore,Pollachi(Uzhavar Sandhai ),Vegetables,Cabbage,Cabbage,Local,3500,4000,3750,Rs./Quintal,0.21,Metric Tonnes,2026-07-20,3750,0,20,7,3,201,30,3850.0,3750.0,4250.0,4250.0,4250.0,3850.0,182.57418583505438,4050.0,241.78820993079563,4156.666666666667,191.06477207072928,-100.0,-500.0,-500.0,3850.0
Tamil Nadu,Coimbatore,Pollachi(Uzhavar Sandhai ),Vegetables,Cabbage,Cabbage,Local,3500,4200,3850,Rs./Quintal,0.2,Metric Tonnes,2026-07-21,3850,1,21,7,3,202,30,3750.0,3850.0,3750.0,4250.0,4250.0,3778.5714285714284,48.79500364742129,4014.285714285714,246.84826500112564,4140.0,204.01149392908047,100.0,100.0,-400.0,3850.0
Tamil Nadu,Coimbatore,Pollachi(Uzhavar Sandhai ),Vegetables,Cabbage,Cabbage,Local,3500,4200,3850,Rs./Quintal,0.18,Metric Tonnes,2026-07-22,3850,2,22,7,3,203,30,3850.0,3850.0,3750.0,4250.0,4250.0,3792.8571428571427,53.4522483824803,3985.714285714286,240.5351177211819,4126.666666666667,209.56989342433653,0.0,100.0,-400.0,3850.0
Tamil Nadu,Coimbatore,Pollachi(Uzhavar Sandhai ),Vegetables,Cabbage,Cabbage,Local,3500,4200,3850,Rs./Quintal,0.16,Metric Tonnes,2026-07-23,3850,3,23,7,3,204,30,3850.0,3750.0,3750.0,4250.0,4250.0,3807.1428571428573,53.45224838248067,3957.1428571428573,230.26501693044466,4113.333333333333,214.12747304502116,0.0,100.0,-400.0,3850.0
Tamil Nadu,Coimbatore,Pollachi(Uzhavar Sandhai ),Vegetables,Cabbage,Cabbage,Local,3500,4200,3850,Rs./Quintal,0.18,Metric Tonnes,2026-07-24,3850,4,24,7,3,205,30,3850.0,3850.0,3750.0,4250.0,4250.0,3821.4285714285716,48.79500364742247,3928.5714285714284,215.47290184283344,4100.0,217.74708517785206,0.0,100.0,-400.0,3850.0
Tamil Nadu,Coimbatore,Pollachi(Uzhavar Sandhai ),Vegetables,Cabbage,Cabbage,Local,3500,4200,3850,Rs./Quintal,0.17,Metric Tonnes,2026-07-25,3850,5,25,7,3,206,30,3850.0,3850.0,3850.0,4250.0,4250.0,3835.714285714286,37.796447300917805,3900.0,195.13309067639696,4086.6666666666665,220.4749314600216,0.0,0.0,-400.0,3850.0
Tamil Nadu,Coimbatore,Pollachi(Uzhavar Sandhai ),Vegetables,Cabbage,Cabbage,Local,3500,4200,3850,Rs./Quintal,0.18,Metric Tonnes,2026-07-26,3850,6,26,7,3,207,30,3850.0,3850.0,3850.0,4250.0,4250.0,3835.714285714286,37.796447300917805,3871.4285714285716,167.23346844167529,4073.3333333333335,222.34383645425766,0.0,0.0,-400.0,3850.0
Tamil Nadu,Coimbatore,Pollachi(Uzhavar Sandhai ),Vegetables,Cabbage,Cabbage,Local,3500,4200,3850,Rs./Quintal,0.17,Metric Tonnes,2026-07-27,3850,0,27,7,3,208,31,3850.0,3850.0,3750.0,4250.0,4250.0,3835.714285714286,37.796447300917805,3842.8571428571427,126.88144505364404,4060.0,223.37536060214896,0.0,100.0,-400.0,3850.0
Tamil Nadu,Coimbatore,Pollachi(Uzhavar Sandhai ),Vegetables,Cabbage,Cabbage,Local,3500,4200,3850,Rs./Quintal,0.19,Metric Tonnes,2026-07-28,3850,1,28,7,3,209,31,3850.0,3850.0,3850.0,3750.0,4250.0,3850.0,0.0,3814.285714285714,49.72451580988223,4046.6666666666665,223.58109434191542,0.0,0.0,-400.0,3850.0
Tamil Nadu,Coimbatore,Pollachi(Uzhavar Sandhai ),Vegetables,Cabbage,Cabbage,Local,3500,4200,3850,Rs./Quintal,0.18,Metric Tonnes,2026-07-29,3850,2,29,7,3,210,31,3850.0,3850.0,3850.0,3750.0,4250.0,3850.0,0.0,3821.4285714285716,46.88072309384703,4033.3333333333335,222.9633236166048,0.0,0.0,-400.0,3850.0
Tamil Nadu,Coimbatore,Pollachi(Uzhavar Sandhai ),Vegetables,Cabbage,Cabbage,Local,3500,4200,3850,Rs./Quintal,0.18,Metric Tonnes,2026-07-30,3850,3,30,7,3,211,31,3850.0,3850.0,3850.0,3750.0,4250.0,3850.0,0.0,3828.5714285714284,42.58153136262937,4020.0,221.51515866243375,0.0,0.0,-400.0,3850.0
Tamil Nadu,Coimbatore,Pollachi(Uzhavar Sandhai ),Vegetables,Cabbage,Cabbage,Local,3500,4200,3850,Rs./Quintal,0.15,Metric Tonnes,2026-07-31,3850,4,31,7,3,212,31,3850.0,3850.0,3850.0,3750.0,4250.0,3850.0,0.0,3835.714285714286,36.3136519601252,4006.6666666666665,219.22014338187432,0.0,0.0,-400.0,3850.0
Tamil Nadu,Coimbatore,Pollachi(Uzhavar Sandhai ),Vegetables,Cabbage,Cabbage,Local,3500,4200,3850,Rs./Quintal,0.14,Metric Tonnes,2026-08-01,3850,5,1,8,3,213,31,3850.0,3850.0,3850.0,3850.0,4250.0,3850.0,0.0,3842.8571428571427,26.726124191238664,3993.3333333333335,216.0512923348107,0.0,0.0,-400.0,3850.0
Tamil Nadu,Coimbatore,Pollachi(Uzhavar Sandhai ),Vegetables,Cabbage,Cabbage,Local,3500,4200,3850,Rs./Quintal,0.16,Metric Tonnes,2026-08-02,3850,6,2,8,3,214,31,3850.0,3850.0,3850.0,3850.0,4250.0,3850.0,0.0,3842.8571428571427,26.726124191238664,3980.0,211.96941874421444,0.0,0.0,-400.0,3850.0
Tamil Nadu,Coimbatore,Pollachi(Uzhavar Sandhai ),Vegetables,Cabbage,Cabbage,Local,3500,4200,3850,Rs./Quintal,0.16,Metric Tonnes,2026-08-03,3850,0,3,8,3,215,32,3850.0,3850.0,3850.0,3750.0,4250.0,3850.0,0.0,3842.8571428571427,26.726124191238664,3966.6666666666665,206.92049669867018,0.0,0.0,-400.0,3250.0
Tamil Nadu,Coimbatore,Pollachi(Uzhavar Sandhai ),Vegetables,Cabbage,Cabbage,Local,3000,3500,3250,Rs./Quintal,0.16,Metric Tonnes,2026-08-04,3250,1,4,8,3,216,32,3850.0,3850.0,3850.0,3850.0,4250.0,3850.0,0.0,3850.0,0.0,3953.3333333333335,200.83160441856413,-600.0,-600.0,-1000.0,3250.0
Tamil Nadu,Coimbatore,Pollachi(Uzhavar Sandhai ),Vegetables,Cabbage,Cabbage,Local,3000,3500,3250,Rs./Quintal,0.17,Metric Tonnes,2026-08-05,3250,2,5,8,3,217,32,3250.0,3850.0,3850.0,3850.0,4250.0,3764.285714285714,226.77868380553633,3807.1428571428573,160.35674514745466,3920.0,230.6662015808236,0.0,-600.0,-1000.0,3250.0
Tamil Nadu,Coimbatore,Pollachi(Uzhavar Sandhai ),Vegetables,Cabbage,Cabbage,Local,3000,3500,3250,Rs./Quintal,0.16,Metric Tonnes,2026-08-06,3250,3,6,8,3,218,32,3250.0,3850.0,3850.0,3850.0,4250.0,3678.5714285714284,292.7700218845599,3764.285714285714,217.88191176076896,3886.6666666666665,252.55021123610848,0.0,-600.0,-1000.0,3250.0
Tamil Nadu,Coimbatore,Pollachi(Uzhavar Sandhai ),Vegetables,Cabbage,Cabbage,Local,3000,3500,3250,Rs./Quintal,0.21,Metric Tonnes,2026-08-07,3250,4,7,8,3,219,32,3250.0,3250.0,3850.0,3850.0,4250.0,3592.8571428571427,320.7134902949092,3721.4285714285716,255.48918817579218,3853.3333333333335,268.4352273163272,0.0,-600.0,-1000.0,3250.0
Tamil Nadu,Coimbatore,Pollachi(Uzhavar Sandhai ),Vegetables,Cabbage,Cabbage,Local,3000,3500,3250,Rs./Quintal,0.23,Metric Tonnes,2026-08-08,3250,5,8,8,3,220,32,3250.0,3250.0,3850.0,3850.0,4250.0,3507.1428571428573,320.7134902949092,3678.5714285714284,281.28433856309744,3820.0,279.34652809480343,0.0,-600.0,-1000.0,3250.0
Tamil Nadu,Coimbatore,Pollachi(Uzhavar Sandhai ),Vegetables,Cabbage,Cabbage,Local,3000,3500,3250,Rs./Quintal,0.25,Metric Tonnes,2026-08-09,3250,6,9,8,3,221,32,3250.0,3250.0,3850.0,3850.0,4250.0,3421.4285714285716,292.7700218845599,3635.714285714286,298.34709485930836,3786.6666666666665,285.85423501876045,0.0,-600.0,-1000.0,3250.0
Tamil Nadu,Coimbatore,Pollachi(Uzhavar Sandhai ),Vegetables,Cabbage,Cabbage,Local,3000,3500,3250,Rs./Quintal,0.21,Metric Tonnes,2026-08-10,3250,0,10,8,3,222,33,3250.0,3250.0,3850.0,3850.0,4250.0,3335.714285714286,226.77868380553633,3592.8571428571427,308.13155460785765,3753.3333333333335,288.25675017766366,0.0,-600.0,-1000.0,3250.0
Tamil Nadu,Coimbatore,Pollachi(Uzhavar Sandhai ),Vegetables,Cabbage,Cabbage,Local,3000,3500,3250,Rs./Quintal,0.24,Metric Tonnes,2026-08-11,3250,1,11,8,3,223,33,3250.0,3250.0,3250.0,3850.0,4250.0,3250.0,0.0,3550.0,311.3247129976629,3720.0,286.6573107267676,0.0,0.0,-1000.0,3250.0
Tamil Nadu,Coimbatore,Pollachi(Uzhavar Sandhai ),Vegetables,Cabbage,Cabbage,Local,3000,3500,3250,Rs./Quintal,0.22,Metric Tonnes,2026-08-12,3250,2,12,8,3,224,33,3250.0,3250.0,3250.0,3850.0,4250.0,3250.0,0.0,3507.1428571428573,308.1315546078578,3686.6666666666665,280.9875851145466,0.0,0.0,-1000.0,3250.0
Tamil Nadu,Coimbatore,Pollachi(Uzhavar Sandhai ),Vegetables,Cabbage,Cabbage,Local,3000,3500,3250,Rs./Quintal,0.18,Metric Tonnes,2026-08-13,3250,3,13,8,3,225,33,3250.0,3250.0,3250.0,3850.0,3750.0,3250.0,0.0,3464.285714285714,298.34709485930875,3653.3333333333335,270.99221687936705,0.0,0.0,-500.0,3250.0
Tamil Nadu,Coimbatore,Pollachi(Uzhavar Sandhai ),Vegetables,Cabbage,Cabbage,Local,3000,3500,3250,Rs./Quintal,0.17,Metric Tonnes,2026-08-14,3250,4,14,8,3,226,33,3250.0,3250.0,3250.0,3850.0,3750.0,3250.0,0.0,3421.4285714285716,281.284338563098,3636.6666666666665,280.06567374313073,0.0,0.0,-500.0,3250.0
Tamil Nadu,Coimbatore,Pollachi(Uzhavar Sandhai ),Vegetables,Cabbage,Cabbage,Local,3000,3500,3250,Rs./Quintal,0.2,Metric Tonnes,2026-08-15,3250,5,15,8,3,227,33,3250.0,3250.0,3250.0,3850.0,3750.0,3250.0,0.0,3378.5714285714284,255.48918817579295,3620.0,287.8577234772683,0.0,0.0,-500.0,3750.0
Tamil Nadu,Coimbatore,Pollachi(Uzhavar Sandhai ),Vegetables,Cabbage,Cabbage,Local,3500,4000,3750,Rs./Quintal,0.15,Metric Tonnes,2026-08-16,3750,6,16,8,3,228,33,3250.0,3250.0,3250.0,3850.0,3750.0,3250.0,0.0,3335.714285714286,217.88191176077,3603.3333333333335,294.47010659515,500.0,500.0,0.0,3250.0
Tamil Nadu,Coimbatore,Pollachi(Uzhavar Sandhai ),Vegetables,Cabbage,Cabbage,Local,3000,3500,3250,Rs./Quintal,0.14,Metric Tonnes,2026-08-17,3250,0,17,8,3,229,34,3750.0,3250.0,3250.0,3850.0,3850.0,3321.4285714285716,188.98223650461358,3328.5714285714284,200.68563793835818,3603.3333333333335,294.47010659515,-500.0,0.0,-600.0,3250.0
Tamil Nadu,Coimbatore,Pollachi(Uzhavar Sandhai ),Vegetables,Cabbage,Cabbage,Local,3000,3500,3250,Rs./Quintal,0.13,Metric Tonnes,2026-08-18,3250,1,18,8,3,230,34,3250.0,3250.0,3250.0,3250.0,3850.0,3321.4285714285716,188.98223650461358,3285.714285714286,133.63062095621427,3583.3333333333335,297.49915483314356,0.0,0.0,-600.0,3250.0
Tamil Nadu,Coimbatore,Pollachi(Uzhavar Sandhai ),Vegetables,Cabbage,Cabbage,Local,3000,3500,3250,Rs./Quintal,0.11,Metric Tonnes,2026-08-19,3250,2,19,8,3,231,34,3250.0,3750.0,3250.0,3250.0,3750.0,3321.4285714285716,188.98223650461358,3285.714285714286,133.63062095621427,3563.3333333333335,299.1174758649415,0.0,0.0,-500.0,3250.0
Tamil Nadu,Coimbatore,Pollachi(Uzhavar Sandhai ),Vegetables,Cabbage,Cabbage,Local,3000,3500,3250,Rs./Quintal,0.14,Metric Tonnes,2026-08-20,3250,3,20,8,3,232,34,3250.0,3250.0,3250.0,3250.0,3850.0,3321.4285714285716,188.98223650461358,3285.714285714286,133.63062095621427,3546.6666666666665,302.27109701715057,0.0,0.0,-600.0,3850.0
Tamil Nadu,Coimbatore,Pollachi(Uzhavar Sandhai ),Vegetables,Cabbage,Cabbage,Local,3500,4200,3850,Rs./Quintal,0.19,Metric Tonnes,2026-08-21,3850,4,21,8,3,233,34,3250.0,3250.0,3250.0,3250.0,3850.0,3321.4285714285716,188.98223650461358,3285.714285714286,133.63062095621427,3526.6666666666665,301.35708379598526,600.0,600.0,0.0,3850.0
Tamil Nadu,Coimbatore,Pollachi(Uzhavar Sandhai ),Vegetables,Cabbage,Cabbage,Local,3500,4200,3850,Rs./Quintal,0.21,Metric Tonnes,2026-08-22,3850,5,22,8,3,234,34,3850.0,3250.0,3250.0,3250.0,3850.0,3407.1428571428573,269.92062325273116,3328.5714285714284,200.68563793835818,3526.6666666666665,301.35708379598526,0.0,600.0,0.0,3750.0
Tamil Nadu,Coimbatore,Pollachi(Uzhavar Sandhai ),Vegetables,Cabbage,Cabbage,Local,3500,4000,3750,Rs./Quintal,0.2,Metric Tonnes,2026-08-23,3750,6,23,8,3,235,34,3850.0,3250.0,3750.0,3250.0,3850.0,3492.8571428571427,304.7247001100219,3371.4285714285716,242.3556554658138,3526.6666666666665,301.35708379598526,-100.0,0.0,-100.0,3750.0
Tamil Nadu,Coimbatore,Pollachi(Uzhavar Sandhai ),Vegetables,Cabbage,Cabbage,Local,3500,4000,3750,Rs./Quintal,0.17,Metric Tonnes,2026-08-24,3750,0,24,8,3,236,35,3750.0,3850.0,3250.0,3250.0,3850.0,3492.8571428571427,304.7247001100219,3407.1428571428573,259.3313464522709,3523.3333333333335,298.19379643091594,0.0,500.0,-100.0,3750.0
Tamil Nadu,Coimbatore,Pollachi(Uzhavar Sandhai ),Vegetables,Cabbage,Cabbage,Local,3500,4000,3750,Rs./Quintal,0.18,Metric Tonnes,2026-08-25,3750,1,25,8,3,237,35,3750.0,3850.0,3250.0,3250.0,3850.0,3564.285714285714,296.80841985233167,3442.8571428571427,270.2257908157149,3520.0,294.9576240750482,0.0,500.0,-100.0,3750.0
Tamil Nadu,Coimbatore,Pollachi(Uzhavar Sandhai ),Vegetables,Cabbage,Cabbage,Local,3500,4000,3750,Rs./Quintal,0.17,Metric Tonnes,2026-08-26,3750,2,26,8,3,238,35,3750.0,3750.0,3250.0,3250.0,3850.0,3635.714285714286,267.2612419124243,3478.5714285714284,275.76068618270534,3516.6666666666665,291.64614049283296,0.0,500.0,-100.0,3750.0
Tamil Nadu,Coimbatore,Pollachi(Uzhavar Sandhai ),Vegetables,Cabbage,Cabbage,Local,3500,4000,3750,Rs./Quintal,0.18,Metric Tonnes,2026-08-27,3750,3,27,8,3,239,35,3750.0,3750.0,3250.0,3250.0,3850.0,3707.1428571428573,207.0196678027061,3514.285714285714,276.25835972632893,3513.3333333333335,288.25675017766,0.0,500.0,-100.0,3750.0
Tamil Nadu,Coimbatore,Pollachi(Uzhavar Sandhai ),Vegetables,Cabbage,Cabbage,Local,3500,4000,3750,Rs./Quintal,0.19,Metric Tonnes,2026-08-28,3750,4,28,8,3,240,35,3750.0,3750.0,3850.0,3250.0,3850.0,3778.5714285714284,48.79500364742561,3550.0,271.7464881947037,3510.0,284.78667152073575,0.0,-100.0,-100.0,3750.0
Tamil Nadu,Coimbatore,Pollachi(Uzhavar Sandhai ),Vegetables,Cabbage,Cabbage,Local,3500,4000,3750,Rs./Quintal,0.22,Metric Tonnes,2026-08-29,3750,5,29,8,3,241,35,3750.0,3750.0,3850.0,3250.0,3850.0,3764.285714285714,37.79644730092149,3585.714285714286,261.9663597227208,3506.6666666666665,281.23291774432425,0.0,-100.0,-100.0,3750.0
Tamil Nadu,Coimbatore,Pollachi(Uzhavar Sandhai ),Vegetables,Cabbage,Cabbage,Local,3500,4000,3750,Rs./Quintal,0.2,Metric Tonnes,2026-08-30,3750,6,30,8,3,242,35,3750.0,3750.0,3750.0,3750.0,3850.0,3750.0,0.0,3621.4285714285716,246.29117048595342,3503.3333333333335,277.5922752245911,0.0,0.0,-100.0,3750.0
Tamil Nadu,Coimbatore,Pollachi(Uzhavar Sandhai ),Vegetables,Cabbage,Cabbage,Local,3500,4000,3750,Rs./Quintal,0.14,Metric Tonnes,2026-08-31,3750,0,31,8,3,243,36,3750.0,3750.0,3750.0,3250.0,3850.0,3750.0,0.0,3621.4285714285716,246.29117048595342,3500.0,273.86127875257813,0.0,0.0,-100.0,3750.0
Tamil Nadu,Coimbatore,Pollachi(Uzhavar Sandhai ),Vegetables,Cabbage,Cabbage,Local,3500,4000,3750,Rs./Quintal,0.12,Metric Tonnes,2026-09-01,3750,1,1,9,3,244,36,3750.0,3750.0,3750.0,3250.0,3850.0,3750.0,0.0,3657.1428571428573,223.48390310054828,3496.6666666666665,270.0361831864062,0.0,0.0,-100.0,3750.0
Tamil Nadu,Coimbatore,Pollachi(Uzhavar Sandhai ),Vegetables,Cabbage,Cabbage,Local,3500,4000,3750,Rs./Quintal,0.14,Metric Tonnes,2026-09-02,3750,2,2,9,3,245,36,3750.0,3750.0,3750.0,3250.0,3850.0,3750.0,0.0,3692.8571428571427,191.00658753958402,3493.3333333333335,266.11293082828627,0.0,0.0,-100.0,3250.0
Tamil Nadu,Coimbatore,Pollachi(Uzhavar Sandhai ),Vegetables,Cabbage,Cabbage,Local,3000,3500,3250,Rs./Quintal,0.12,Metric Tonnes,2026-09-03,3250,3,3,9,3,246,36,3750.0,3750.0,3750.0,3250.0,3250.0,3750.0,0.0,3728.5714285714284,142.38934396479797,3490.0,262.08711370918456,-500.0,-500.0,0.0,3250.0
